Name,User Name,Role,Joined Date,Analyst Confidence,Error Rate,Accuracy Percentile,Points,Points/Estimate,Stocks,Pending Estimates
Analyst_6608843,Analyst_6608843,Non Professional Telecommunication Services Diversified Telecommunications,2021-02-01,7,0,0,0,0,0,0
Lyubo,Lyubo,Non Professional Information Technology Internet Software & Services,2020-10-01,8.1,0.08,0.47,22,5.5,4,1
Analyst_511201,Analyst_511201,Non Professional Student,2020-04-01,6.7,0,0,0,0,0,0
Analyst_6212629,Analyst_6212629,Other,2021-02-01,7.3,0.19,0.57,29,9.7,3,0
EMOlson,EMOlson,Financial Professional Independent Other,2018-08-01,6.9,0.16,0.54,52,4.7,11,4
Alamosbeat,Alamosbeat,Financial Professional Buy Side Other,2019-04-01,8.4,0,0,0,0,0,0
Tintin31,Tintin31,Non Professional Information Technology IT Services,2016-05-01,7.6,0.2,0.51,191,9.1,21,0
Analyst_6603212,Analyst_6603212,Non Professional Financials Insurance,2016-08-01,7.2,0,0,0,0,0,0
Analyst_8595614,Analyst_8595614,,2021-01-01,3.8,0.23,0,50,50,1,0
Analyst_714359,Analyst_714359,,2021-01-01,7.4,0,S,0,0,0,0
jiaherrt,jiaherrt,Non Professional Information Technology Internet Software & Services,2016-06-01,7.7,0.27,0.15,4,4,1,0
PascalZimmer,PascalZimmer,Non Professional Consumer Staples Food & Staples Retailing,2020-07-01,5.2,0.12,0.23,56,5.6,10,11
Analyst_4642668,Analyst_4642668,Financial Professional Buy Side Asset Manager,2015-04-01,7.6,0.16,0.58,131,7.3,18,5
Analyst_7405900,Analyst_7405900,Non Professional Other Other,2015-11-01,8,0.06,0.56,37,9.3,4,1
mahuda72,mahuda72,Non Professional Energy Energy Equipment & Services,2021-01-01,7.1,0,0,0,0,0,0
Analyst_1428173,Analyst_1428173,,2021-01-01,6.6,0,0,0,0,0,0
Analyst_2000702,Analyst_2000702,Non Professional Other Other,2020-12-01,6.7,0,0,0,0,0,0
kobv,kobv,Non Professional Student,2017-08-01,7.1,0.25,0.71,97,19.4,5,0
asuram54,asuram54,Non Professional Information Technology Software,2013-12-01,7.4,0.47,0.22,1,0.3,3,0
Analyst_3007367,Analyst_3007367,Non Professional Other Other,2021-03-01,0,0,0,0,0,0,0
Analyst_1284391,Analyst_1284391,Non Professional Other Other,2021-03-01,7.1,0,0,0,0,0,0
Bob Katz,Katzup,Financial Professional Independent Independent Research,2016-02-01,8.6,0.31,0.78,20,20,1,0
Schomet_271828,Schomet_271828,Non Professional Information Technology Internet & Catalog Retail,2020-10-01,7.2,0.29,0.61,18,9,2,0
Analyst_2616348,Analyst_2616348,Financial Professional Independent Independent Research,2019-02-01,7.2,0,0,0,0,0,0
micana88,micana88,Non Professional Industrials Construction & Engineering,2021-01-01,7.1,0,0,0,0,0,0
Analyst_9192195,Analyst_9192195,Non Professional Information Technology IT Services,2021-01-01,7.1,0,0,0,0,0,0
Analyst_7848380,Analyst_7848380,Non Professional Other Other,2020-12-01,6.7,0,0,0,0,0,0
Analyst_4447798,Analyst_4447798,,2019-05-01,7.5,0,0,0,0,0,0
spincus2000,spincus2000,Non Professional Health Care Pharmaceuticals,2014-01-01,7.2,0.02,0.83,2,2,1,0
Analyst_8049075,Analyst_8049075,Non Professional Student,2017-06-01,6.1,0.1,0.29,25,12.5,2,0
Analyst_695541,Analyst_695541,Non Professional Other Other,2021-01-01,0,0,0,0,0,0,0
Analyst_4321238,Analyst_4321238,Non Professional Information Technology Communications Equipment,2017-12-01,8.2,0.07,0.68,205,20.5,10,6
Analyst_3715541,Analyst_3715541,,2016-03-01,7,0.14,0.46,250,11.9,21,0
Analyst_12345,Analyst_12345,Non Professional Health Care Biotechnology,2014-02-01,7.9,0.19,0.49,220,11.6,19,3
Analyst_3791826,Analyst_3791826,Financial Professional Independent Independent Research,2021-01-01,7.3,0,0,0,0,0,0
Analyst_1086798,Analyst_1086798,Non Professional Other Other,2021-01-01,6.6,0,0,0,0,0,0
Analyst_4575152,Analyst_4575152,,2021-03-01,6.5,0,0,0,0,0,0
Lynton1,Lynton1,Non Professional Academia,2018-10-01,7.8,0.05,0.85,36,36,1,2
Henry_Yong,Henry_Yong,Non Professional Industrials Air Freight & Logistics,2021-02-01,5.9,0.25,0.13,40,20,2,0
Analyst_2589821,Analyst_2589821,Non Professional Other Other,2021-03-01,7.3,0,0,0,0,0,0
Analyst_1495389,Analyst_1495389,Non Professional Other Other,2021-03-01,7.3,0,0,0,0,0,0
Analyst_8589211,Analyst_8589211,Non Professional Other Other,2021-01-01,0,0,0,0,0,0,0
Analyst_5831986,Analyst_5831986,Non Professional Other Other,2020-12-01,7,0,0,0,0,0,0
Analyst_7483955,Analyst_7483955,Non Professional Other Other,2021-01-01,7,0,0,0,0,0,0
cammehr10,cammehr10,,2020-10-01,8,0,0,0,0,0,0
Analyst_1893104,Analyst_1893104,,2018-07-01,6.5,0.42,0.49,4,2,2,0
Analyst_6043052,Analyst_6043052,Non Professional Financials Professional Services,2015-11-01,7.5,0.02,0.79,11,11,1,0
Analyst_6424447,Analyst_6424447,Non Professional Student,2021-01-01,7.1,0,0,0,0,0,0
Analyst_5907215,Analyst_5907215,Non Professional Other Other,2021-01-01,7.2,0,0,0,0,0,0
Analyst_7775016,Analyst_7775016,Non Professional Other Other,2020-12-01,7.1,0,0,0,0,0,0
Analyst_6594613,Analyst_6594613,Non Professional Financials Professional Services,2014-03-01,6.1,0,0,0,0,0,0
Analyst_3597155,Analyst_3597155,,2017-05-01,7,0,0,0,0,0,0
Analyst_6398799,Analyst_6398799,Non Professional Other Other,2020-12-01,7.1,0,0,0,0,0,0
Analyst_508786,Analyst_508786,Non Professional Information Technology IT Services,2014-01-01,8.4,0.12,0.8,20,10,2,0
MarkBau69672907,MarkBau69672907,Student,2020-08-01,6.2,0,0,0,0,0,0
Alpha_Insights,Alpha_Insights,Financial Professional Buy Side Hedge Fund,2019-04-01,5.5,0.59,0.04,60,30,2,2
Analyst_203529,Analyst_203529,Non Professional Health Care Health Care Providers & Services,2020-12-01,6.9,0,0,0,0,0,0
Ocelogic,Ocelogic,Non Professional Information Technology Internet Software & Services,2015-11-01,8.2,0.19,0.72,139,15.4,9,0
Analyst_9343551,Analyst_9343551,Non Professional Other Other,2021-03-01,7.1,0,0,0,0,0,0
anthardy,anthardy,Non Professional Industrials Transportation Infrastructure,2014-04-01,7.7,0.04,0.42,9,9,1,1
Analyst_8246173,Analyst_8246173,Non Professional Other Other,2021-03-01,7.1,0,0,0,0,0,0
Analyst_1678247,Analyst_1678247,Non Professional Other Other,2021-03-01,7.1,0,0,0,0,0,0
Analyst_9015636,Analyst_9015636,Non Professional Academia,2021-03-01,6.6,0,0,0,0,0,0
Analyst_8351986,Analyst_8351986,Non Professional Other Other,2021-02-01,7,0,0,0,0,0,0
Analyst_1644229,Analyst_1644229,Non Professional Other Other,2021-01-01,7.2,0,0,0,0,0,0
Analyst_9706161,Analyst_9706161,Non Professional Information Technology IT Services,2018-01-01,8,0,0,0,0,0,1
Analyst_7440975,Analyst_7440975,Non Professional Other Other,2021-03-01,7.2,0,0,0,0,0,0
Wx_Torn,Wx_Torn,Non Professional Information Technology Internet Software & Services,2015-10-01,7.6,0.14,0.46,219,8.4,26,0
Analyst_7973221,Analyst_7973221,,2021-02-01,6.3,0,0,0,0,0,0
Analyst_9374239,Analyst_9374239,Non Professional Utilities Gas Utilities,2014-12-01,6.7,0.14,0.58,78,7.8,10,1
zenith1989,zenith1989,Non Professional Information Technology Software,2017-04-01,6.6,0.03,0.65,24,24,1,0
Analyst_3423961,Analyst_3423961,Non Professional Other Other,2021-03-01,7.4,0.1,0.76,15,15,1,1
AZ_Austin,AZ_Austin,Non Professional Information Technology Internet Software & Services,2021-01-01,8.2,0,0,0,0,0,0
Analyst_3985525,Analyst_3985525,Non Professional Other Other,2021-01-01,7.1,0,0,0,0,0,0
Analyst_3527209,Analyst_3527209,Non Professional Other Other,2021-01-01,7.1,0,0,0,0,0,0
Analyst_6884528,Analyst_6884528,Non Professional Other Other,2021-01-01,7.1,0,0,0,0,0,0
Analyst_1762933,Analyst_1762933,Non Professional Other Other,2021-01-01,7.1,0,0,0,0,0,0
Analyst_9999216,Analyst_9999216,Non Professional Student,2020-09-01,7.4,0.17,0.54,32,8,4,1
Analyst_3010274,Analyst_3010274,,2021-01-01,7.1,0,0,0,0,0,0
jiasen,jiasen,,2019-04-01,6.8,0.06,0.53,14,14,1,0
Analyst_3994070,Analyst_3994070,Non Professional Other Other,2021-01-01,7.1,0,0,0,0,0,0
Analyst_7388991,Analyst_7388991,,2021-01-01,7,0,0,0,0,0,0
Analyst_2518380,Analyst_2518380,Non Professional Other Other,2021-01-01,7.1,0,0,0,0,0,0
Analyst_2950116,Analyst_2950116,Non Professional Other Other,2021-01-01,7.1,0,0,0,0,0,0
Analyst_8371708,Analyst_8371708,,2020-12-01,6.1,0.71,0,34,34,1,0
TheCapitalist,TheCapitalist,Non Professional default default,2020-12-01,6.8,0,0,0,0,0,0
Analyst_3713698,Analyst_3713698,Non Professional Information Technology IT Services,2021-02-01,6.9,0.2,0.5,90,22.5,4,1
Analyst_1699827,Analyst_1699827,Non Professional Other Other,2021-01-01,7.1,0,0,0,0,0,0
Tjfrla,Tjfrla,Non Professional Student,2021-01-01,7.1,0,0,0,0,0,0
Analyst_178822,Analyst_178822,,2021-01-01,7.1,0,0,0,0,0,0
Analyst_2536802,Analyst_2536802,Non Professional Other Other,2021-01-01,7.1,0,0,0,0,0,0
Analyst_2981008,Analyst_2981008,Non Professional Student,2020-12-01,7.1,0,0,0,0,0,0
Analyst_8431209,Analyst_8431209,Non Professional Health Care Pharmaceuticals,2019-01-01,7.2,0,0,0,0,0,0
Analyst_3331007,Analyst_3331007,Non Professional Other Other,2020-12-01,7.1,0,0,0,0,0,0
Analyst_2575951,Analyst_2575951,Non Professional Other Other,2020-12-01,7.1,0,0,0,0,0,0
AlphaRancher,AlphaRancher,Non Professional Health Care Pharmaceuticals,2020-12-01,7,0,0,0,0,0,0
capitalica,capitalica,Independent,2020-07-01,7.9,0.34,0.6,4,1.3,3,0
Analyst_1410234,Analyst_1410234,Non Professional Information Technology Internet Software & Services,2021-01-01,7.2,0,0,0,0,0,0
Analyst_2106854,Analyst_2106854,Non Professional Other Other,2020-12-01,7.2,0,0,0,0,0,0
CityBoy,CityBoy,Non Professional Financials Diversified Financial Services,2020-12-01,7.6,0,0,0,0,0,0
Analyst_3644621,Analyst_3644621,Non Professional Student,2014-11-01,5.2,0.24,0.22,307,9,34,50
Analyst_3929163,Analyst_3929163,,2021-02-01,6.2,0,0,0,0,0,0
Analyst_3501075,Analyst_3501075,Non Professional Other Other,2021-01-01,7.2,0,0,0,0,0,0
Analyst_6414753,Analyst_6414753,Non Professional Information Technology Semiconductors,2015-10-01,7.2,0.09,0.54,508,11.3,45,0
Analyst_2700586,Analyst_2700586,Non Professional Consumer Staples Personal Products,2021-02-01,6.6,0,0,0,0,0,0
Analyst_3353104,Analyst_3353104,Non Professional Student,2020-05-01,6.6,0.13,0.36,19,1.9,10,0
Analyst_6115059,Analyst_6115059,,2021-01-01,7.2,0,0,0,0,0,0
Abbas Mashaollah,Abbasmash,Financial Professional Buy Side Private Equity,2018-04-01,7.9,0.14,0.57,"1,218",13.5,90,9
Analyst_7606454,Analyst_7606454,Non Professional Other Other,2021-01-01,7.2,0,0,0,0,0,0
VJullien,VJullien,Non Professional Information Technology IT Services,2021-01-01,7,0,0,0,0,0,0
Analyst_908857,Analyst_908857,Non Professional Other Other,2021-01-01,7.1,0,0,0,0,0,0
nextcandles,pureoptions,Financial Professional Independent Independent Research,2013-05-01,5.5,0.23,0.35,16,0.5,34,26
Analyst_6297989,Analyst_6297989,Non Professional Other Other,2021-02-01,6.9,0,0,0,0,0,0
Analyst_7935927,Analyst_7935927,Non Professional Other Other,2021-02-01,7,0,0,0,0,0,0
Binnz,Binnz,Non Professional Financials Consumer Finance,2017-08-01,8.4,0.08,0.68,124,20.7,6,0
Analyst_2296378,Analyst_2296378,,2021-01-01,8.3,0.11,0.52,262,7.9,33,81
Analyst_730308,Analyst_730308,,2019-02-01,8.3,0,0,0,0,0,0
MaksimsGesins,MaksimsGesins,Financial Professional Independent Independent Research,2014-09-01,6.6,0,0,0,0,0,0
Analyst_8366487,Analyst_8366487,,2017-11-01,6.3,0,0,0,0,0,0
Analyst_2910435,Analyst_2910435,,2020-12-01,6.9,0,0,0,0,0,0
Analyst_8878676,Analyst_8878676,,2016-03-01,6.4,0.07,0.55,83,11.9,7,2
riccardo_m,riccardo_m,Non Professional Financials Capital Markets,2019-05-01,7.1,0,0,0,0,0,0
Hilltopper,Hilltopper,Non Professional Information Technology Software,2017-12-01,8,0.36,0.33,11,11,1,0
brandyperrell,brandyperrell,Non Professional Financials Insurance,2020-12-01,7.4,0,0,0,0,0,0
Analyst_9892667,Analyst_9892667,Non Professional Financials Capital Markets,2021-03-01,8.4,0,0,0,0,0,0
Analyst_6752286,Analyst_6752286,Non Professional Other Other,2021-02-01,0,0,0,0,0,0,0
Analyst_5709076,Analyst_5709076,Non Professional Information Technology Software,2018-07-01,1.7,0.22,0.05,257,21.4,12,0
lankale,lankale,Non Professional Information Technology IT Services,2020-03-01,7.4,0,0,0,0,0,0
Analyst_4043633,Analyst_4043633,Non Professional Information Technology Software,2020-11-01,7.5,0.15,0.56,74,18.5,4,1
briangodsey,briangodsey,Non Professional Information Technology Software,2020-09-01,6.9,0,0,0,0,0,0
Analyst_884010,Analyst_884010,Non Professional Information Technology Software,2015-01-01,8.2,0.12,0.45,36,12,3,3
Analyst_8990871,Analyst_8990871,Non Professional Information Technology IT Services,2014-05-01,7,0,0,0,0,0,0
Tim P,timkpaine,Financial Professional Sell Side Investment Bank,2015-01-01,7.9,0,0,0,0,0,0
Analyst_8111060,Analyst_8111060,Non Professional Other Other,2021-01-01,7.1,0,0,0,0,0,0
kibermailbox,kibermailbox,"Non Professional Energy Oil, Gas & Consumable Fuels",2018-03-01,5,0.43,0.04,34,17,2,1
Analyst_4583388,Analyst_4583388,,2021-01-01,7.2,0,0,0,0,0,0
MansaMischa,MansaMischa,Non Professional Financials Professional Services,2020-10-01,7.2,0,0,0,0,0,0
eLondon,eLondon,Non Professional Information Technology,2016-07-01,6.8,0,0,0,0,0,0
Crypt0genesis,Crypt0genesis,Non Professional Academia,2017-03-01,7.4,0,0,0,0,0,0
daveruns2win,daveruns2win,Non Professional Health Care Health Care Technology,2019-04-01,7.7,0,0,0,0,0,0
Analyst_2970855,Analyst_2970855,Non Professional Other Other,2020-07-01,6.5,0,0,0,0,0,0
Analyst_7966727,Analyst_7966727,Non Professional Other Other,2021-01-01,7.3,0,0,0,0,0,0
plaszlo1,plaszlo1,Non Professional Student,2018-10-01,6,0,0,0,0,0,0
Nicol√°s Suarez,ValionCapital,Financial Professional Independent Independent Research,2020-10-01,7,0.12,0.52,"1,235",10,124,2
Analyst_5859476,Analyst_5859476,Non Professional Academia,2017-04-01,4.5,0.08,0.28,8,4,2,0
bgvianyc,bgvianyc,Non Professional Information Technology Software,2015-07-01,5.3,0.11,0.4,9,9,1,1
Tesla_Is_A_Zero,Tesla_Is_A_Zero,Non Professional Financials Professional Services,2019-04-01,3.8,0,0,0,0,0,0
Rubio666,Rubio666,Non Professional Information Technology IT Services,2019-07-01,7,0,0,0,0,0,0
Analyst_1712431,Analyst_1712431,Financial Professional Sell Side Financial Advisor,2014-04-01,8,0,0,0,0,0,0
Analyst_4624475,Analyst_4624475,Non Professional Other Other,2020-10-01,6.5,0,0,0,0,0,0
Analyst_9433296,Analyst_9433296,Non Professional Other Other,2018-04-01,7.1,0,0,0,0,0,0
Analyst_9651559,Analyst_9651559,,2019-10-01,7.2,0,0,0,0,0,0
Analyst_8237749,Analyst_8237749,Non Professional Academia,2014-02-01,7.4,0.12,0.54,196,11.5,17,1
obdarenik,obdarenik,Non Professional Information Technology Software,2020-10-01,8.4,0.05,0.22,14,14,1,0
Analyst_6849715,Analyst_6849715,Non Professional Other Other,2021-01-01,6.4,0.07,0.4,7,3.5,2,0
Analyst_8689747,Analyst_8689747,,2020-12-01,5.7,0.11,0.21,0,0,2,0
Analyst_793324,Analyst_793324,Non Professional Consumer Staples Beverages,2021-02-01,7.1,0,0,0,0,0,0
zsljulius,zsljulius,Financial Professional Buy Side Other,2017-10-01,7.9,0.22,0.56,71,17.8,4,2
Analyst_4911374,Analyst_4911374,Non Professional Other Other,2020-09-01,8.5,0,0,0,0,0,0
KennyLay,KennyLay,Non Professional Energy Energy Equipment & Services,2021-02-01,7,0,0,0,0,0,0
Dylan Petersson,dpetersson,Non Professional Information Technology Internet Software & Services,2014-07-01,6.2,0.08,0.56,12,6,2,1
OffMatrix,OffMatrix,Non Professional Information Technology IT Services,2021-03-01,6.8,0,0,0,0,0,1
Sam0808,Sam0808,Non Professional Industrials Machinery,2019-02-01,7.6,0.07,0.43,32,10.7,3,0
Conkatonk,Conkatonk,Non Professional Information Technology IT Services,2021-02-01,6.5,0,0,0,0,0,0
Analyst_3231414,Analyst_3231414,Financial Professional Buy Side Hedge Fund,2020-06-01,7.8,0,0,0,0,0,0
Analyst_9536868,Analyst_9536868,Non Professional Consumer Discretionary Specialty Retail,2020-08-01,6.5,0.54,0.31,10,10,1,0
miros,miros,Non Professional Student,2021-01-01,7.8,0,0,0,0,0,0
DudleyNM68,DudleyNM68,Non Professional Health Care Biotechnology,2019-03-01,5.1,0.24,0.06,226,20.5,11,0
Analyst_6299545,Analyst_6299545,Non Professional Other Other,2021-01-01,6.6,0,0,0,0,0,0
buffoon,buffoon,,2018-12-01,6.1,0,0,0,0,0,0
Sean Udall,UdallTechStrat,Financial Professional Independent Independent Research,2012-04-01,8.8,0.2,0.49,88,9.8,9,2
Analyst_8374262,Analyst_8374262,Non Professional Other Other,2020-12-01,0,0,0,0,0,0,0
hullemmarkus,hullemmarkus,Non Professional Academia,2021-02-01,6.8,0,0,0,0,0,0
Analyst_445338,Analyst_445338,Non Professional Other Other,2021-01-01,6.7,0,0,0,0,0,0
Analyst_4886385,Analyst_4886385,,2021-01-01,7.1,0,0,0,0,0,0
David Bain,Roth_26,Financial Professional Sell Side Broker,2017-07-01,3,0.56,0.02,181,30.2,7,26
HappyDoge,HappyDoge,,2020-04-01,5.6,0,0,0,0,0,0
ChristophM,ChristophM,Financial Professional Buy Side Other,2014-03-01,8.1,0,0,0,0,0,0
Analyst_7730843,Analyst_7730843,Non Professional Other Other,2020-04-01,7.4,0.03,0.67,3,3,1,0
Reinier_Doppler,Reinier_Doppler,Non Professional Health Care Biotechnology,2017-12-01,6.4,0.16,0.65,173,17.3,10,19
Analyst_8087349,Analyst_8087349,Non Professional Other Other,2020-10-01,7,0,0,0,0,0,0
Carlos,gio814,Non Professional Industrials Industrial Conglomerates,2018-02-01,7.4,0,0,0,0,0,0
Analyst_822652,Analyst_822652,Non Professional Consumer Staples Beverages,2020-10-01,8,0,0,0,0,0,0
Analyst_8984313,Analyst_8984313,Non Professional Information Technology IT Services,2019-07-01,5.8,0,0,0,0,0,0
Analyst_1911199,Analyst_1911199,,2020-02-01,5.9,0,0,0,0,0,0
jdukes2019,jdukes2019,Non Professional Telecommunication Services Wireless Telecommunication Services,2019-01-01,6.1,0.02,0.73,35,35,1,0
Analyst_2274294,Analyst_2274294,Non Professional Other Other,2020-08-01,6.7,0,0,0,0,0,0
Analyst_1394926,Analyst_1394926,Non Professional Other Other,2020-09-01,0,0,0,0,0,0,0
MarkyMark15,MarkyMark15,Non Professional Financials Professional Services,2016-12-01,7.7,0,0,0,0,0,0
mrosario211,mrosario211,Non Professional Consumer Discretionary Hotels Restaurants & Leisure,2018-06-01,7.6,0,0,0,0,0,0
Analyst_477184,Analyst_477184,Non Professional Other Other,2020-08-01,7,0,0,0,0,0,0
C. Patrick Scholes,Suntrust_88,Financial Professional Sell Side Broker,2020-08-01,7.2,0.36,0.44,7,1.2,9,86
Analyst_2492012,Analyst_2492012,Non Professional Information Technology Computers & Peripherals,2020-09-01,6.6,0,0,0,0,0,0
Analyst_280054,Analyst_280054,Non Professional Other Other,2020-08-01,7.1,0,0,0,0,0,0
Analyst_1121309,Analyst_1121309,Non Professional Other Other,2020-10-01,7.1,0,0,0,0,0,0
LeviDeHaan,LeviDeHaan,Non Professional Information Technology Internet Software & Services,2020-10-01,6.5,0.28,0.46,27,9,3,1
Analyst_3991360,Analyst_3991360,,2017-07-01,7.2,0,0,0,0,0,0
Analyst_2028033,Analyst_2028033,,2020-07-01,6.4,0,0,0,0,0,0
Analyst_3328235,Analyst_3328235,Non Professional Consumer Discretionary Specialty Retail,2020-07-01,6.8,0,0,0,0,0,0
Analyst_5294793,Analyst_5294793,Non Professional Other Other,2019-07-01,6.7,0,0,0,0,0,0
Analyst_4140929,Analyst_4140929,Non Professional Other Other,2020-10-01,0,0,0,0,0,0,0
Analyst_5657908,Analyst_5657908,Financial Professional Buy Side Hedge Fund,2016-04-01,4.3,0,0,0,0,0,0
Analyst_3163039,Analyst_3163039,,2020-04-01,6.9,0,0,0,0,0,0
Analyst_750123,Analyst_750123,Non Professional Other Other,2020-07-01,0,0,0,0,0,0,0
Analyst_2569083,Analyst_2569083,,2015-07-01,6.3,0,0,0,0,0,0
Analyst_5066290,Analyst_5066290,Non Professional Other Other,2020-09-01,6.8,0,0,0,0,0,0
teknik,teknik,Financial Professional Sell Side Other,2020-09-01,8.3,0,0,0,0,0,0
Shibu Gope,Shibug,Non Professional Information Technology IT Services,2018-06-01,7.8,0,0,0,0,0,0
Analyst_3909404,Analyst_3909404,Other,2016-09-01,7.3,0,0,0,0,0,0
Analyst_2043689,Analyst_2043689,Non Professional Other Other,2020-10-01,7.1,0,0,0,0,0,0
GoCanada,GoCanada,Non Professional Student,2018-10-01,7.5,0.07,0.53,6,6,1,0
Analyst_501B,Analyst_501B,Non Professional Consumer Discretionary Specialty Retail,2019-04-01,9.3,0.16,0.67,73,14.6,5,0
Paw_yet,Paw_yet,Financial Professional Independent Independent Research,2019-08-01,8.7,0,0,0,0,0,0
pushpen,pushpen,,2020-01-01,7.3,0.09,0.3,5,5,1,1
Analyst_2248886,Analyst_2248886,"Non Professional Energy Oil, Gas & Consumable Fuels",2020-10-01,6.7,0,0,0,0,0,0
Agent Smith,AgentSmith,Financial Professional Sell Side Investment Bank,2013-07-01,7.4,0.09,0.46,7,7,1,0
Analyst_4603176,Analyst_4603176,Non Professional Information Technology Computers & Peripherals,2020-10-01,6.8,0,0,0,0,0,0
Kpb04003,Kpb04003,Non Professional Financials Real Estate Development,2014-08-01,7.5,0,0,0,0,0,0
Jake Bartlett,Suntrust_101,Financial Professional Sell Side Broker,2020-08-01,7.8,0.12,0.5,143,9.5,15,89
Analyst_578414,Analyst_578414,Non Professional Other Other,2020-11-01,6.7,0,0,0,0,0,0
Lwayne232,Lwayne232,Financial Professional Buy Side Asset Manager,2013-05-01,6.4,0,0,0,0,0,0
Glenn Chin,GHS_35,Financial Professional Sell Side Broker,2020-10-01,5.7,0.27,0.14,130,18.6,7,9
Stephanie Benjamin,Suntrust_105,Financial Professional Sell Side Broker,2020-08-01,6.9,0.09,0.46,135,9,16,61
Analyst_7154774,Analyst_7154774,Non Professional Other Other,2020-10-01,7.2,0,0,0,0,0,0
Analyst_3035966,Analyst_3035966,Non Professional Other Other,2020-10-01,7.1,0,0,0,0,0,0
Analyst_6292692,Analyst_6292692,Non Professional Other Other,2020-07-01,6.9,0,0,0,0,0,0
Analyst_1207147,Analyst_1207147,Non Professional Other Other,2020-09-01,7.2,0,0,0,0,0,0
Analyst_3567864,Analyst_3567864,Non Professional Student,2020-07-01,6.9,0,0,0,0,0,0
Analyst_8743565,Analyst_8743565,Non Professional Consumer Staples Personal Products,2020-07-01,7,0,0,0,0,0,0
g8rdrew,g8rdrew,Non Professional Health Care Health Care Providers & Services,2015-10-01,6.2,0.26,0.6,53,17.7,3,0
Analyst_6715749,Analyst_6715749,Non Professional Other Other,2020-08-01,0,0,0,0,0,0,0
Analyst_7651372,Analyst_7651372,Non Professional Other Other,2020-09-01,7.1,0,0,0,0,0,0
Analyst_9750439,Analyst_9750439,Non Professional Other Other,2020-09-01,7.1,0,0,0,0,0,0
msimon,msimon,Financial Professional Independent Independent Research,2015-11-01,6.1,0,0,0,0,0,0
danielsiggy,danielsiggy,Non Professional Industrials Building Products,2020-09-01,6.3,0,0,0,0,0,0
Analyst_7035883,Analyst_7035883,Non Professional Other Other,2020-09-01,7.1,0,0,0,0,0,0
Analyst_163436,Analyst_163436,Financial Professional Buy Side Hedge Fund,2020-08-01,7.2,0,0,0,0,0,0
Analyst_2809610,Analyst_2809610,,2020-09-01,6.9,0,0,0,0,0,0
Analyst_4497805,Analyst_4497805,Non Professional Other Other,2020-10-01,6.7,0,0,0,0,0,0
Analyst_2211752,Analyst_2211752,,2020-09-01,7.2,0,0,0,0,0,0
Analyst_72557,Analyst_72557,,2020-05-01,7.1,0,0,0,0,0,0
Analyst_8944844,Analyst_8944844,Non Professional Other Other,2020-10-01,0,0,0,0,0,0,0
Analyst_76071,Analyst_76071,,2016-02-01,8.3,0.03,0.78,2,2,1,0
Analyst_2961470,Analyst_2961470,Non Professional Other Other,2020-11-01,7.1,0,0,0,0,0,0
KenatRSF,KenatRSF,Non Professional Information Technology Semiconductors,2014-01-01,6.1,0.05,0.26,7,3.5,2,3
Analyst_5258659,Analyst_5258659,Non Professional Other Other,2020-09-01,0,0,0,0,0,0,0
stig55,stig55,Non Professional Student,2013-10-01,7,0.12,0.52,245,12.9,19,6
Analyst_9749378,Analyst_9749378,Non Professional Information Technology Software,2014-03-01,8,0.07,0.63,211,21.1,10,0
Analyst_4828298,Analyst_4828298,Non Professional Other Other,2020-10-01,6.5,0,0,0,0,0,0
Analyst_9761717,Analyst_9761717,Non Professional Other Other,2020-09-01,7.2,0,0,0,0,0,0
Analyst_578338,Analyst_578338,Non Professional Other Other,2020-11-01,7.1,0,0,0,0,0,0
Analyst_7800802,Analyst_7800802,Non Professional Other Other,2017-10-01,8.5,0,0,0,0,0,0
Analyst_5783693,Analyst_5783693,Non Professional Other Other,2020-11-01,7.2,0,0,0,0,0,0
StockGeek,StockGeek,Financial Professional Independent Independent Research,2018-10-01,5.8,0.54,0.74,11,11,1,1
wrsmallcap,wrsmallcap,Financial Professional Independent Independent Research,2020-07-01,7.1,0,0,0,0,0,0
SLVFOX,SLVFOX,Financial Professional Independent Independent Research,2016-10-01,7.4,0,0,0,0,0,0
Analyst_6127515,Analyst_6127515,Non Professional Financials Professional Services,2016-05-01,6.1,0,0,0,0,0,0
Analyst_4919587,Analyst_4919587,Non Professional Other Other,2020-11-01,7.1,0,0,0,0,0,0
Analyst_3466341,Analyst_3466341,Non Professional Academia,2015-10-01,7.9,0,0,0,0,0,0
MaGe1969,MaGe1969,Non Professional Information Technology IT Services,2020-04-01,8.4,0,0,0,0,0,0
Analyst_9761507,Analyst_9761507,Non Professional Other Other,2020-11-01,7.2,0,0,0,0,0,0
Analyst_507296,Analyst_507296,Non Professional Other Other,2020-10-01,6.9,0,0,0,0,0,0
Analyst_922666,Analyst_922666,Non Professional Other Other,2020-10-01,6.9,0,0,0,0,0,0
Analyst_9926245,Analyst_9926245,Non Professional Other Other,2020-12-01,7,0,0,0,0,0,0
Analyst_6235320,Analyst_6235320,,2020-08-01,5.8,0,0,0,0,0,0
Analyst_1822754,Analyst_1822754,Non Professional Information Technology Communications Equipment,2015-10-01,8.1,0.14,0.59,23,7.7,3,0
psnyder1,psnyder1,Non Professional Financials Insurance,2013-08-01,8.6,0.04,0.64,14,14,1,0
Analyst_5475768,Analyst_5475768,Non Professional Health Care Health Care Providers & Services,2020-09-01,6,0,0,0,0,0,0
Analyst_9967663,Analyst_9967663,Non Professional Other Other,2020-04-01,7,0,0,0,0,0,0
Matthew Greig,systim,,2020-07-01,8.6,0.17,0.63,26,13,2,0
Analyst_4360208,Analyst_4360208,Non Professional Other Other,2020-10-01,7.1,0,0,0,0,0,0
Analyst_2989750,Analyst_2989750,Non Professional Other Other,2020-04-01,7,0.17,0.65,35,17.5,2,1
Analyst_3011494,Analyst_3011494,Non Professional Other Other,2020-08-01,6.6,0,0,0,0,0,0
30k_Alan,30k_Alan,Non Professional Student,2020-08-01,7,0,0,0,0,0,0
Analyst_5168157,Analyst_5168157,Non Professional Other Other,2020-08-01,7.2,0,0,0,0,0,0
AJW,AJW,Non Professional Financials Capital Markets,2019-04-01,7.8,0,0,0,0,0,0
Analyst_600778,Analyst_600778,Financial Professional Independent Independent Research,2019-10-01,7,0,0,0,0,0,0
Christopher Smith,stophersmithers,Non Professional Academia,2019-12-01,3.6,0.09,0.27,9,1.8,5,7
bris2550,bris2550,Non Professional Financials Diversified Financial Services,2020-01-01,8.2,0,0,0,0,0,0
Smart3r,Smart3r,Non Professional Academia,2019-02-01,7.3,0,0,0,0,0,0
Jonesbank314,Jonesbank314,Financial Professional Independent Independent Research,2020-10-01,7.4,0,0,0,0,0,0
Analyst_6785487,Analyst_6785487,,2019-07-01,7.5,0,0,0,0,0,0
junglefoot,junglefoot,,2016-09-01,5.5,0,0,0,0,0,0
Analyst_5297998,Analyst_5297998,Non Professional Other Other,2020-10-01,0,0,0,0,0,0,0
Piranic,Piranic,Non Professional Student,2014-08-01,7.8,0,0,0,0,0,0
AutoIncome,AutoIncome,Non Professional Information Technology Internet Software & Services,2019-08-01,7.4,0,0,0,0,0,0
Yasch22,Yasch22,Non Professional Academia,2015-05-01,8.7,0.03,0.69,19,19,1,1
CarlosR74,CarlosR74,Non Professional Student,2018-07-01,7.6,0,0,0,0,0,0
aberdeanjim,aberdeanjim,Non Professional Information Technology IT Services,2020-09-01,7.9,0.09,0.62,39,13,3,0
Analyst_7002027,Analyst_7002027,Non Professional Academia,2018-02-01,8.1,0.04,0.68,66,33,2,1
Analyst_7259006,Analyst_7259006,,2020-10-01,7.4,0,0,0,0,0,0
Analyst_187468,Analyst_187468,Non Professional Information Technology Internet Software & Services,2016-10-01,6.9,0.05,0.75,34,34,1,0
TaylorOgan,TaylorOgan,Financial Professional Buy Side Hedge Fund,2018-08-01,6.8,0.03,0.8,39,39,1,0
droberts55,droberts55,Non Professional Financials Capital Markets,2012-11-01,5.9,0,0,0,0,0,0
Analyst_8542529,Analyst_8542529,Non Professional Other Other,2020-08-01,8.2,0,0,0,0,0,0
agent4036,agent4036,Non Professional Information Technology IT Services,2017-10-01,8.6,0,0,0,0,0,0
Analyst_6125968,Analyst_6125968,Non Professional Financials Diversified Financial Services,2018-04-01,6.8,0,0,0,0,0,0
Analyst_8500197,Analyst_8500197,Non Professional Other Other,2020-10-01,0,0,0,0,0,0,0
Analyst_1864302,Analyst_1864302,Non Professional Other Other,2020-10-01,7.2,0,0,0,0,0,0
Analyst_4504175,Analyst_4504175,Non Professional Financials Capital Markets,2017-06-01,7.1,0.06,0.53,14,14,1,0
Sentient420,Sentient420,Financial Professional Independent Other,2020-03-01,8.2,0.04,0.77,36,36,1,1
Analyst_9268105,Analyst_9268105,Non Professional Other Other,2020-10-01,7.2,0,0,0,0,0,0
Analyst_191391,Analyst_191391,,2016-07-01,8.1,0.03,0.69,19,19,1,0
Rick Weinhart,weinhart,Financial Professional Buy Side Hedge Fund,2015-03-01,7.2,0,0,0,0,0,0
Frederick Tremblay,QuantTrader007,Financial Professional Buy Side Asset Manager,2014-04-01,7.9,0,0,0,0,0,0
Bill,BillB1210,Non Professional Financials Professional Services,2014-07-01,8.4,0.17,0.59,"25,430",13.6,"1,870",28
Ben Jen,benjenholdings,Financial Professional Independent Independent Research,2016-07-01,8.3,0.16,0.6,"23,840",14,"1,698",13
Scott Hendricks,shendricks,Non Professional Industrials Commercial Services & Supplies,2012-10-01,8.4,0.16,0.58,"3,146",11.6,271,13
PM,PM,Financial Professional Buy Side Mutual Fund,2016-07-01,7.1,0.23,0.11,585,17.2,34,0
Analyst_8075381,Analyst_8075381,,2019-09-01,8,0,0,0,0,0,0
Analyst_5795851,Analyst_5795851,,2019-04-01,8,0,0,0,0,0,0
Zilvinas Speteliunas,Spekoliunas,Financials,2016-10-01,8.8,0,0,0,0,0,0
Analyst_2777191,Analyst_2777191,Non Professional Student,2016-09-01,7.7,0,0,0,0,0,0
dalton,dalton,Non Professional Student,2016-04-01,8.4,0.02,0.67,29,29,1,0
Buck_138258,Buck_138258,Financial Professional Sell Side Broker,2015-08-01,6.4,0,0,0,0,0,0
Buck_504550,Buck_504550,Financial Professional Sell Side Broker,2015-08-01,6.4,0,0,0,0,0,0
New_Moon,New_Moon,Non Professional Academia,2020-01-01,8.4,0,0,0,0,0,0
Ron,R_C12R,Non Professional Industrials Aerospace & Defense,2016-05-01,8.1,0.16,0.55,304,14.5,21,6
AAFED,AAFED,Non Professional Information Technology IT Services,2019-02-01,7.8,0.18,0.47,"1,715",5.7,299,202
Peter Baehman,ChengSun,Non Professional Financials Professional Services,2018-05-01,7.1,0.3,0.34,8,8,1,1
DenizMustafa,DenizMustafa,Non Professional Information Technology IT Services,2020-01-01,8,0.07,0.67,24,24,1,1
David Kelley,Jefferies_174,Financial Professional Sell Side Broker,2016-11-01,2.9,0,0,0,0,0,0
TIMUCIN_S,TIMUCIN_S,Financial Professional Independent Other,2014-01-01,4.6,0.06,0.5,24,12,2,0
GregTripple,GregTripple,Financial Professional Independent Independent Research,2017-07-01,4.6,0.16,0.02,57,28.5,2,2
Bigorangedave,Bigorangedave,Non Professional Health Care Pharmaceuticals,2018-11-01,8.3,0.2,0.56,561,14.4,39,3
1daymillionaire,1daymillionaire,Non Professional Information Technology Software,2016-07-01,8.2,0.13,0.59,38,12.7,3,0
dmalk118,dmalk118,,2016-10-01,8.2,0,0,0,0,0,0
Analyst_1364902,Analyst_1364902,Non Professional Other Other,2019-09-01,6.5,0,0,0,0,0,0
Analyst_4562929,Analyst_4562929,Non Professional Information Technology Software,2017-08-01,7.1,0,0,0,0,0,0
Sentinel,Sentinel,Financial Professional Independent Independent Research,2018-08-01,6.6,0,0,0,0,0,0
PCLA,PCLA,Financial Professional Independent Independent Research,2014-01-01,7.8,0,0,0,0,0,0
Analyst_2057501,Analyst_2057501,Non Professional Health Care Health Care Providers & Services,2018-03-01,7.6,0,0,0,0,0,0
Shawn P. Cooney,shawncooney,Non Professional Information Technology IT Services,2019-01-01,8.4,0.14,0.57,502,11.2,45,4
advdrakkar,advdrakkar,Non Professional Industrials Electrical Equipment,2015-04-01,7.4,0,0,0,0,0,0
Wolfman of Wall Street,CookieMonster,Financial Professional Independent Independent Research,2019-04-01,5.8,0,0,0,0,0,0
Analyst_783524,Analyst_783524,Non Professional Telecommunication Services Diversified Telecommunications,2020-02-01,8,0,0,0,0,0,0
Rob Ford,Old_Mayor,Financial Professional Buy Side Asset Manager,2015-06-01,8.1,0.15,0.56,"3,678",12,307,3
David Shoko,Showkz99,Non Professional Financials Diversified Financial Services,2015-07-01,7.4,0.14,0.53,"1,556",10.7,146,5
Analyst_4586900,Analyst_4586900,,2017-01-01,8.4,0.09,0.73,118,29.5,4,0
neumann,neumann,Non Professional Information Technology Software,2016-10-01,5.9,0,0,0,0,0,0
Analyst_6690720,Analyst_6690720,Non Professional Other Other,2020-04-01,7.1,0,0,0,0,0,0
Analyst_4477990,Analyst_4477990,Non Professional Information Technology Software,2020-04-01,7.6,0,0,0,0,0,0
Analyst_6613269,Analyst_6613269,Non Professional Other Other,2020-05-01,7.1,0,0,0,0,0,0
Analyst_1438644,Analyst_1438644,,2018-06-01,7.5,0.42,0.59,13,13,1,0
HalfBullhalfman,HalfBullhalfman,Non Professional Financials Insurance,2017-06-01,4.2,0,0,0,0,0,0
John Perkins,Synx,Non Professional Student,2013-01-01,7,0,0,0,0,0,0
defjam,defjam,Non Professional Academia,2014-03-01,8.4,0.18,0.49,38,7.6,5,0
Analyst_6421073,Analyst_6421073,Non Professional Other Other,2020-04-01,7.1,0,0,0,0,0,0
Colin Rusch,Oppenheimer_44,Financial Professional Sell Side Broker,2015-09-01,5,0.23,0.37,35,2.4,18,21
"Michael Harrison, CFA",Analyst_4544968,Financial Professional Sell Side Broker,2015-10-01,7,0.12,0.16,180,9.5,19,94
Analyst_JPMac,Analyst_JPMac,Non Professional Information Technology IT Services,2018-03-01,8.3,0.08,0.61,797,18.1,44,5
Neil_Martin,Neil_Martin,Financial Professional Independent Other,2016-08-01,6.8,0.14,0.51,"1,026",8.3,124,399
maggieb,maggieb,Non Professional Consumer Discretionary Media,2018-05-01,7.7,0,0,0,0,0,0
Buck_389348,Buck_389348,Financial Professional Sell Side Broker,2017-09-01,5.6,0,0,0,0,0,0
jfffrmm,jfffrmm,"Non Professional Information Technology Electronic Equip., Instruments",2016-07-01,8.3,0,0,0,0,0,0
Ram,rama2050,Non Professional Information Technology IT Services,2016-04-01,8.1,0,0,0,0,0,0
Analyst_5498960,Analyst_5498960,Non Professional Other Other,2017-03-01,7,0.18,0.51,353,10,36,9
SlinginCode,SlinginCode,Non Professional Information Technology Internet Software & Services,2019-04-01,7,0,0,0,0,0,0
Analyst_3773230,Analyst_3773230,,2020-04-01,7.6,0.17,0.34,17,17,1,0
robert brand,rbrandx,Non Professional Information Technology Internet Software & Services,2013-05-01,8.6,0.14,0.61,"1,220",14.2,86,5
Dana Telsey,Tag_2,Financial Professional Sell Side Broker,2015-10-01,7,0.3,0.39,72,4.1,31,192
rpajam,rpajam,Non Professional Financials Insurance,2014-08-01,7,0.13,0.39,152,4.3,35,131
Analyst_8583071,Analyst_8583071,,2020-04-01,3,0,0,0,0,0,0
Analyst_2278908,Analyst_2278908,,2019-03-01,7.7,0,0,0,0,0,0
SeraphimAnlytic,SeraphimAnlytic,Financial Professional Buy Side Proprietary Trading Firm,2017-10-01,6.4,0,0,0,0,0,0
Analyst_4716043,Analyst_4716043,Financial Professional Independent Independent Research,2018-07-01,2.2,0.21,0.27,53,5.3,11,43
Randal Konik,Jefferies_66,Financial Professional Sell Side Broker,2016-04-01,2.4,0.67,0,15,30,1,1
Buck_658610,Buck_658610,Financial Professional Sell Side Broker,2018-10-01,5.1,0,0,0,0,0,0
KH120664,KH120664,Financial Professional Sell Side Broker,2015-12-01,8.1,0.09,0.47,95,13.6,13,47
Analyst_9676000,Analyst_9676000,Financial Professional Buy Side Asset Manager,2017-01-01,8.6,0.05,0.62,942,16.2,58,30
SmoShow,SmoShow,"Non Professional Energy Oil, Gas & Consumable Fuels",2019-01-01,8.3,0,0,0,0,0,0
Analyst_5131733,Analyst_5131733,Non Professional Other Other,2019-07-01,6.7,0,0,0,0,0,0
Leigh Drogen,LDrogen,Financial Professional Independent Other,2011-12-01,8.2,0.3,0.45,27,9,3,3
Aram Balian,ABalian,Financial Professional Independent Other,2017-09-01,8.3,0.17,0.57,264,11.5,23,13
kerry burrell,kerryburrell,Non Professional Financials Real Estate Development,2013-06-01,8,0.1,0.59,"2,693",16.3,165,5
WonterC,WonterC,Non Professional Student,2020-02-01,8,0.14,0.56,54,4.9,11,0
"John Janedis, CFA",Jefferies_23,Financial Professional Sell Side Broker,2016-04-01,4.4,0,0,0,0,0,0
Drogness,Drogness,Non Professional Student,2015-07-01,5.5,0.12,0.47,770,7.1,108,349
Analyst_8713384,Analyst_8713384,Non Professional Student,2014-05-01,6.6,0,0,0,0,0,0
Analyst_2866751,Analyst_2866751,Non Professional Other Other,2020-04-01,6,0,0,0,0,0,0
Analyst_8188220,Analyst_8188220,,2020-05-01,7.7,0,0,0,0,0,0
juice93,juice93,Non Professional Telecommunication Services Wireless Telecommunication Services,2020-05-01,7.4,0,0,0,0,0,0
KG,PolishPrince,Financial Professional Independent Independent Research,2015-12-01,6.9,0,0,0,0,0,0
RmznKrkmz,RmznKrkmz,Non Professional Academia,2020-04-01,8.1,0,0,0,0,0,0
Tony Zhang,tzhang042,Financial Professional Buy Side Proprietary Trading Firm,2013-03-01,8.1,0.1,0.62,56,18.7,3,0
Analyst_9032820,Analyst_9032820,Non Professional Other Other,2020-05-01,0,0,0,0,0,0,0
Petes3,Petes3,Non Professional Consumer Discretionary Media,2016-07-01,7.6,0.25,0.56,89,8.1,11,0
serp,serp,Financial Professional Independent Independent Research,2017-03-01,8.5,0,0,0,0,0,0
Joseph Feldman,Tag_3,Financial Professional Sell Side Broker,2015-10-01,6.7,0.19,0.35,11,1,21,121
Analyst_302746,Analyst_302746,Non Professional Information Technology Semiconductors,2015-07-01,6.9,0,0,0,0,0,0
Analyst_6348688,Analyst_6348688,Non Professional Finanzas Finanzas del consumidor,2017-02-01,8.7,0,0,0,0,0,0
omni,omni,Non Professional Industrials Industrial Conglomerates,2018-03-01,8.1,0.07,0.56,150,15.8,10,1
Analyst_6143517,Analyst_6143517,Non Professional Industrials Aerospace & Defense,2016-10-01,8.1,0.19,0.54,73,8.1,9,4
Analyst_8523591,Analyst_8523591,,2016-04-01,6.5,0,0,0,0,0,0
Analyst_3262210,Analyst_3262210,Non Professional Other Other,2020-05-01,7.3,0,0,0,0,0,0
Analyst_9101240,Analyst_9101240,Non Professional Other Other,2019-07-01,8.3,0,0,0,0,0,0
Phileas100,Phileas100,Non Professional Utilities Water Utilities,2018-04-01,7.7,0.25,0.54,6,6,1,0
Analyst_9387580,Analyst_9387580,Non Professional Financials Diversified Financial Services,2017-10-01,8.5,0,0,0,0,0,0
Time_Seller,Time_Seller,Non Professional Health Care Health Care Providers & Services,2019-10-01,7.9,0,0,0,0,0,0
francescozunino,francescozunino,Non Professional Financials Diversified Financial Services,2018-09-01,8.4,0.15,0.46,279,12.1,23,1
coffeepster,coffeepster,Non Professional Information Technology Internet Software & Services,2017-11-01,8.5,0,0,0,0,0,0
BR604079,BR604079,Financial Professional Sell Side Broker,2019-03-01,7.3,0.13,0.46,18,2.8,7,20
Analyst_1680852,Analyst_1680852,Non Professional Information Technology IT Services,2019-02-01,7.8,0,0,0,0,0,0
Jagator904,Jagator904,Financial Professional Independent Independent Research,2018-01-01,7.9,0.14,0.6,542,15.1,36,9
Michael Swartz,Suntrust_8,Financial Professional Sell Side Broker,2013-12-01,4.9,0.33,0.11,144,15.2,11,9
SW928706,SW928706,Financial Professional Sell Side Broker,2015-12-01,4.5,0,0,0,0,0,0
Analyst_7227115,Analyst_7227115,Non Professional Information Technology Software,2020-03-01,6.7,0.27,0.3,60,4.3,14,19
Analyst_1130948,Analyst_1130948,Financial Professional Independent Independent Research,2019-05-01,7.6,0,0,0,0,0,0
Lucrub,Lucrub,Financial Professional Buy Side Asset Manager,2015-10-01,8,0.16,0.4,19,3.8,5,0
Analyst_5146407,Analyst_5146407,Non Professional Other Other,2020-03-01,7.3,0,0,0,0,0,0
jackx666,jackx666,Non Professional Information Technology Software,2019-05-01,7.3,0,0,0,0,0,0
Analyst_3388435,Analyst_3388435,,2017-10-01,4.2,0,0,0,0,0,0
Analyst_6286341,Analyst_6286341,Non Professional Health Care Health Care Providers & Services,2019-05-01,7.3,0,0,0,0,0,0
Analyst_3517428,Analyst_3517428,Non Professional Information Technology Internet Software & Services,2019-10-01,6.7,0,0,0,0,0,0
Dominantstock,Dominantstock,Financial Professional Buy Side Asset Manager,2017-06-01,3.2,0.26,0.21,"1,041",7.8,136,215
Analyst_656238,Analyst_656238,,2018-01-01,7.8,0,0,0,0,0,0
Analyst_2747794,Analyst_2747794,Non Professional Other Other,2018-03-01,7.3,0,0,0,0,0,0
muhammad2444,muhammad2444,Financials,2019-07-01,7.3,0,0,0,0,0,0
Analyst_6199009,Analyst_6199009,Non Professional Information Technology IT Services,2019-07-01,7.3,0,0,0,0,0,0
stephauno,stephauno,Non Professional Information Technology IT Services,2018-04-01,6.5,0,0,0,0,0,0
jyaede,jyaede,Non Professional Academia,2015-09-01,6,0,0,0,0,0,0
zivicirl,zivicirl,Financial Professional Independent Independent Research,2013-07-01,6.8,0.5,0.53,18,18,1,1
jgsogo,jgsogo,Non Professional Financials Capital Markets,2017-04-01,7.2,0,0,0,0,0,0
AltRod,AltRod,Non Professional Information Technology IT Services,2014-06-01,6.6,0.11,0.4,22,7.3,3,0
DT21,DT21,Non Professional Student,2020-01-01,6.3,0,0,0,0,0,0
Analyst_5716209,Analyst_5716209,Non Professional Information Technology Software,2019-01-01,5.6,0.06,0.67,14,14,1,1
Larry62,Larry62,Non Professional Academia,2017-02-01,7.1,0,0,0,0,0,0
zmzhu,zmzhu,Non Professional Academia,2019-01-01,7.1,0,0,0,0,0,0
Analyst_878907,Analyst_878907,,2019-07-01,3.7,0.47,0.02,85,14.2,6,5
CallMeKnight,CallMeKnight,Non Professional Financials Professional Services,2017-07-01,6.5,0,0,0,0,0,0
Analyst_1997787,Analyst_1997787,,2019-07-01,7,0,0,0,0,0,0
Analyst_5389127,Analyst_5389127,Non Professional Other Other,2018-06-01,7,0.07,0.61,12,12,1,0
Analyst_5201071,Analyst_5201071,Non Professional Consumer Discretionary Media,2014-05-01,5,0.14,0.04,29,14.5,2,1
Rajvindra Gill,Needham_6,Financial Professional Sell Side Broker,2014-01-01,6.3,0.08,0.42,37,2.5,15,84
Analyst_4350750,Analyst_4350750,,2020-01-01,6,0,0,0,0,0,0
Analyst_1258504,Analyst_1258504,,2020-02-01,7.1,0,0,0,0,0,0
Analyst_6486237,Analyst_6486237,Non Professional Other Other,2020-01-01,6.9,0,0,0,0,0,0
Anthony,lobsterstock,Non Professional Student,2013-07-01,6.7,0,0,0,0,0,0
kepiCHelaSHen,kepiCHelaSHen,Financial Professional Independent Independent Research,2020-04-01,6.3,0,0,0,0,0,0
davemarszap,davemarszap,Financial Professional Independent Independent Research,2020-02-01,7.6,0,0,0,0,0,0
Analyst_2991051,Analyst_2991051,,2018-04-01,6.8,0,0,0,0,0,0
DF_5082802,DF_5082802,Non Professional Health Care Health Care Technology,2014-01-01,8.9,0.1,0.61,"2,262",15.2,149,17
Eric,Analyst_7579453,,2016-03-01,7.9,0.15,0.6,"2,412",12.8,188,11
Analyst_1277405,Analyst_1277405,Non Professional Other Other,2020-04-01,6.9,0,0,0,0,0,0
Analyst_2510176,Analyst_2510176,Non Professional Industrials Construction & Engineering,2020-04-01,7,0,0,0,0,0,0
Sarah,thatsarahlewis,Non Professional Information Technology Internet & Catalog Retail,2018-06-01,6.3,0.19,0.44,114,3.6,32,2
Fernando Aldana,Fer_Aldana,Non Professional Industrials Building Products,2016-05-01,8.2,0,0,0,0,0,0
Analyst_9717745,Analyst_9717745,Non Professional Information Technology Software,2016-04-01,8.5,0,0,0,0,0,0
Analyst_6996855,Analyst_6996855,Non Professional Other Other,2020-04-01,7.2,0,0,0,0,0,0
Roman Novacek,Raven,Financial Professional Buy Side Venture Capital,2014-05-01,7.8,0,0,0,0,0,0
SM_Georg,SM_Georg,Non Professional Student,2014-01-01,8.4,0,0,0,0,0,0
larrylai,larrylai,Financial Professional Independent Independent Research,2014-03-01,7.9,0.16,0.59,"2,608",11.9,220,13
Analyst_3159502,Analyst_3159502,Non Professional Student,2016-08-01,7.3,0.2,0.38,35,1.4,25,29
Analyst_2144294,Analyst_2144294,Non Professional Other Other,2019-10-01,6.7,0,0,0,0,0,0
352REALLUX,352REALLUX,Financial Professional Independent Independent Research,2019-02-01,4.3,0,0,0,0,0,0
Analyst_1108569,Analyst_1108569,Non Professional Health Care Health Care Providers & Services,2019-05-01,6.2,0,0,0,0,0,0
Analyst_9493057,Analyst_9493057,Non Professional Other Other,2020-04-01,7.2,0,0,0,0,0,0
Analyst_5860932,Analyst_5860932,Non Professional Information Technology Software,2020-04-01,7.1,0,0,0,0,0,0
Analyst_2298833,Analyst_2298833,Non Professional Other Other,2020-04-01,6.9,0,0,0,0,0,0
Analyst_5700437,Analyst_5700437,Financial Professional Buy Side Mutual Fund,2018-09-01,7.2,0,0,0,0,0,0
Analyst_1582559,Analyst_1582559,Non Professional Other Other,2020-04-01,7.1,0,0,0,0,0,0
Analyst_489058,Analyst_489058,Financial Professional Buy Side Asset Manager,2017-10-01,8.3,0.12,0.58,190,14.6,13,0
Analyst_8559133,Analyst_8559133,Non Professional Other Other,2020-02-01,6.8,0,0,0,0,0,0
Analyst_6431686,Analyst_6431686,Non Professional Other Other,2020-01-01,8.5,0,0,0,0,0,0
elkmohawk,elkmohawk,Non Professional Information Technology Software,2017-01-01,6.8,0.33,0.02,191,27.3,7,0
Analyst_8523063,Analyst_8523063,,2017-11-01,8,0.27,0.48,7,0.8,9,0
RWDKPD,RWDKPD,Non Professional Financials Professional Services,2016-01-01,8.2,0.08,0.61,985,14.7,67,0
Analyst_1663629,Analyst_1663629,,2020-04-01,6.7,0,0,0,0,0,0
Analyst_7146997,Analyst_7146997,Non Professional Industrials Electrical Equipment,2020-04-01,6.9,0,0,0,0,0,0
Analyst_3451960,Analyst_3451960,Non Professional Consumer Discretionary Automobiles,2019-12-01,7.3,0,0,0,0,0,0
Analyst_3581860,Analyst_3581860,Non Professional Other Other,2020-05-01,0,0,0,0,0,0,0
Analyst_8949504,Analyst_8949504,,2015-11-01,6.9,0,0,0,0,0,0
Analyst_4656738,Analyst_4656738,Non Professional Financials Real Estate Development,2015-04-01,8,0.08,0.48,7,7,1,4
IFV,IFV,Non Professional Telecommunication Services Wireless Telecommunication Services,2020-03-01,8.6,0.1,0.47,22,11,2,1
Analyst_6457898,Analyst_6457898,Non Professional Student,2019-10-01,6.4,0,0,0,0,0,0
Analyst_8860998,Analyst_8860998,Financial Professional Independent Other,2019-08-01,1.7,0,0,0,0,0,0
"Michael Ward, CFA",GHS_3,Financial Professional Sell Side Broker,2016-08-01,3.8,0.64,0.14,68,27.2,3,0
Analyst_8255179,Analyst_8255179,Non Professional Other Other,2020-05-01,7,0,0,0,0,0,0
JH839712,JH839712,Financial Professional Sell Side Broker,2015-12-01,5.7,0.29,0.34,4,0.3,21,68
AGT3,AGT3,Non Professional Materials Containers & Packaging,2019-03-01,6.3,0.17,0.41,4,0.5,8,0
Analyst_9740721,Analyst_9740721,Non Professional Other Other,2020-05-01,7.1,0,0,0,0,0,0
Analyst_8761217,Analyst_8761217,Non Professional Information Technology IT Services,2020-04-01,7.2,0,0,0,0,0,0
Analyst_679939,Analyst_679939,Non Professional Other Other,2020-04-01,6.9,0,0,0,0,0,0
Analyst_9040499,Analyst_9040499,Non Professional Other Other,2020-06-01,7.3,0,0,0,0,0,0
CapitolW,CapitolW,Non Professional Consumer Discretionary Hotels Restaurants & Leisure,2020-05-01,6.5,0,0,0,0,0,0
Spareplan,Spareplan,Non Professional Information Technology IT Services,2019-07-01,8,0,0,0,0,0,0
Analyst_1197449,Analyst_1197449,Non Professional Other Other,2020-06-01,7.2,0,0,0,0,0,0
Analyst_9118472,Analyst_9118472,,2020-04-01,6.4,0,0,0,0,0,0
Analyst_4179800,Analyst_4179800,Financial Professional Buy Side Asset Manager,2016-01-01,8.4,0.08,0.43,62,15.5,4,0
Analyst_9402829,Analyst_9402829,,2018-12-01,2.4,0.18,0.42,60,12,5,12
C2INVEST,C2INVEST,Non Professional Consumer Discretionary Automobiles,2019-10-01,5.9,0,0,0,0,0,0
Ali_Baba,Ali_Baba,"Non Professional Consumer Discretionary Textiles, Apparel & Luxury Goods",2016-04-01,6.7,0.19,0.28,108,12,9,12
Analyst_7656003,Analyst_7656003,,2020-04-01,6.7,0,0,0,0,0,0
Buck_446488,Buck_446488,Financial Professional Sell Side Broker,2018-10-01,4.1,0.19,0.04,36,18,2,1
"Christopher Mandeville, CFA",Jefferies_108,Financial Professional Sell Side Broker,2016-04-01,5.4,0,0,0,0,0,0
"Rupesh Parikh, CFA",Oppenheimer_34,Financial Professional Sell Side Broker,2014-02-01,5.5,0.3,0.3,11,1.6,14,56
CC505328,CC505328,Financial Professional Sell Side Broker,2015-12-01,4.6,0.19,0.45,33,8.3,8,12
rkwong00,rkwong00,Non Professional Student,2014-04-01,5.8,0,0,0,0,0,0
Analyst_8878950,Analyst_8878950,Non Professional Other Other,2020-03-01,7.1,0,0,0,0,0,0
Analyst_9351499,Analyst_9351499,Non Professional Other Other,2020-03-01,7.1,0,0,0,0,0,0
Analyst_7802246,Analyst_7802246,Non Professional Other Other,2020-03-01,6.6,0,0,0,0,0,0
DaveB9999,DaveB9999,Non Professional Information Technology Software,2015-05-01,5.1,0.13,0.02,23,23,1,0
Analyst_8260035,Analyst_8260035,Non Professional Other Other,2020-02-01,7.1,0,0,0,0,0,0
Analyst_6108201,Analyst_6108201,Non Professional Information Technology IT Services,2020-04-01,8.1,0,0,0,0,0,0
Analyst_7655321,Analyst_7655321,Non Professional Other Other,2020-03-01,7.1,0,0,0,0,0,0
Analyst_1512563,Analyst_1512563,,2020-04-01,7,0,0,0,0,0,0
Analyst_9871880,Analyst_9871880,Non Professional Other Other,2020-05-01,7.1,0,0,0,0,0,0
schmidtke_jake,schmidtke_jake,Non Professional Health Care Health Care Providers & Services,2016-10-01,4.1,0,0,0,0,0,0
BirdT,BirdT,Financial Professional Buy Side Asset Manager,2013-10-01,5.1,0.21,0.48,43,1.7,26,3
Laura Martin,Needham_19,Financial Professional Sell Side Broker,2014-01-01,4.2,0.14,0.49,51,4.3,15,25
Analyst_8935699,Analyst_8935699,Non Professional Other Other,2020-05-01,7.2,0,0,0,0,0,0
Bob S.,bsirirat,Non Professional Financials Real Estate Development,2013-07-01,6.9,0,0,0,0,0,0
osodeoro,osodeoro,Non Professional Academia,2013-11-01,7.3,0.34,0.25,2,0.5,4,0
Amir_J8,Amir_J8,Financial Professional Independent Other,2018-02-01,5.8,0,0,0,0,0,0
rrg1964,rrg1964,Financial Professional Independent Other,2016-06-01,7.5,0.1,0.62,198,15.2,13,0
Analyst_5393756,Analyst_5393756,Non Professional Academia,2017-11-01,7.2,0,0,0,0,0,0
Analyst_5769826,Analyst_5769826,Non Professional Other Other,2020-05-01,7.1,0,0,0,0,0,0
Analyst_8551480,Analyst_8551480,,2019-11-01,6.4,0,0,0,0,0,0
Analyst_6501175,Analyst_6501175,,2019-11-01,6.2,0,0,0,0,0,0
Dem,Dem,Non Professional Information Technology Software,2019-10-01,7.4,0.03,0.77,70,17.5,4,0
Analyst_8113162,Analyst_8113162,Non Professional Other Other,2020-04-01,7.6,0,0,0,0,0,0
Analyst_3625249,Analyst_3625249,Non Professional Other Other,2020-04-01,0,0,0,0,0,0,0
Gaberton,Gaberton,Non Professional Health Care Health Care Providers & Services,2020-02-01,6.8,0,0,0,0,0,0
Options4Life,Options4Life,Non Professional Information Technology IT Services,2017-04-01,7.3,0.05,0.61,105,17.5,6,1
Analyst_4118729,Analyst_4118729,Non Professional Consumer Discretionary Media,2019-07-01,4.4,0,0,0,0,0,0
Analyst_414042,Analyst_414042,,2020-04-01,7.2,0,0,0,0,0,0
Analyst_PP_7797,Analyst_PP_7797,Non Professional Consumer Discretionary Auto Components,2017-10-01,4.9,0,0,0,0,0,0
Buck_572476,Buck_572476,Financial Professional Sell Side Broker,2018-03-01,5.7,0.18,0.26,36,5.1,7,5
Christian P.,christianparisi,Financial Professional Independent Other,2012-04-01,6.3,0,0,0,0,0,0
Analyst_4903215,Analyst_4903215,,2017-10-01,8.3,0.03,0.48,28,14,2,0
Analyst_9056894,Analyst_9056894,Non Professional Other Other,2020-05-01,7.1,0,0,0,0,0,0
Analyst_1026559,Analyst_1026559,,2020-04-01,6.7,0.52,0.14,9,4.5,2,0
Analyst_8532270,Analyst_8532270,,2018-01-01,7.8,0.09,0.58,810,15,54,2
panda_w,panda_w,Non Professional Industrials Machinery,2017-01-01,8.3,0.45,0.39,18,9,2,0
Gibran,kgibran,Non Professional Student,2020-05-01,6.4,0,0,0,0,0,0
Analyst_794854,Analyst_794854,Non Professional Other Other,2020-05-01,8,0,0,0,0,0,0
Analyst_7673179,Analyst_7673179,,2019-08-01,6.7,0,0,0,0,0,0
Analyst_3083662,Analyst_3083662,Financial Professional Buy Side Asset Manager,2016-09-01,7.3,0,0,0,0,0,0
Analyst_4703258,Analyst_4703258,,2019-09-01,4.8,0,0,0,0,0,0
Analyst_8626722,Analyst_8626722,,2018-03-01,7.5,0,0,0,0,0,0
Rasun,Rasun,,2019-07-01,8.1,0,0,0,0,0,0
Stanislaus Haribowo,radenmasbowo,Non Professional Materials Food Products & Staples Retailing,2013-07-01,3.8,0,0,0,0,0,0
Analyst_868802,Analyst_868802,Non Professional Industrials Electrical Equipment,2019-09-01,4,0,0,0,0,0,0
Analyst_6726901,Analyst_6726901,Non Professional Information Technology IT Services,2020-04-01,8.7,0,0,0,0,0,0
Indypendent,Indypendent,Non Professional Consumer Discretionary Specialty Retail,2011-10-01,7.7,0,0,0,0,0,0
SS_GQS,SS_GQS,Financial Professional Buy Side Hedge Fund,2019-07-01,8,0.09,0.6,545,12.4,44,0
Racangu,Racangu,Non Professional Materials Paper & Forest Products,2019-09-01,7,0.07,0.37,10,10,1,0
Analyst_8445737,Analyst_8445737,Non Professional Financials Professional Services,2019-07-01,7.1,0,0,0,0,0,0
JABOM_AM,JABOM_AM,Non Professional Student,2017-07-01,5.8,0,0,0,0,0,1
Analyst_5507324,Analyst_5507324,Non Professional Financials Diversified Financial Services,2020-05-01,7,0,0,0,0,0,0
oakcrest12,oakcrest12,Non Professional Consumer Discretionary Specialty Retail,2014-11-01,6.6,0.2,0.46,347,5.8,60,174
Analyst_9851480,Analyst_9851480,Non Professional Financials Capital Markets,2018-02-01,6.7,0,0,0,0,0,0
Analyst_2388815,Analyst_2388815,Non Professional Other Other,2020-03-01,7.2,0,0,0,0,0,0
mfme,mfme,Non Professional Student,2015-04-01,7.5,0,0,0,0,0,0
Bobalooga,Bobalooga,Non Professional Consumer Staples Household & Personal Products,2020-04-01,7,0,0,0,0,0,0
SwishWillis,SwishWillis,,2020-02-01,6.5,0,0,0,0,0,0
Analyst_2614179,Analyst_2614179,Non Professional Academia,2018-01-01,6.5,0,0,0,0,0,0
robertoagodinez,robertoagodinez,Non Professional Industrials Construction & Engineering,2020-03-01,7.8,0,0,0,0,0,0
"Cristina Fern√°ndez, CPA",Tag_5,Financial Professional Sell Side Broker,2015-10-01,7.4,0.14,0.47,67,14.9,6,45
vpzhig,vpzhig,Non Professional Academia,2020-04-01,6.1,0,0,0,0,0,0
Analyst_1954184,Analyst_1954184,Non Professional Other Other,2020-04-01,7.2,0,0,0,0,0,0
Analyst_7043970,Analyst_7043970,Non Professional Other Other,2020-04-01,7,0,0,0,0,0,0
hapos,hapos,Non Professional Information Technology Software,2018-06-01,4.3,0,0,0,0,0,0
gboxman,boxman,Non Professional Consumer Discretionary Media,2013-07-01,7.7,0.02,0.76,39,39,1,0
David Savin,Analyst_8685950,Non Professional Telecommunication Services Wireless Telecommunication Services,2020-04-01,8.3,0,0,0,0,0,0
Philip Mascherino,Megaannum,Financial Professional Independent Independent Research,2014-02-01,8.2,0.11,0.52,448,10.9,41,4
Bill_Maurer,Bill_Maurer,Financial Professional Independent Independent Research,2015-07-01,9.6,0.16,0.6,"1,707",16,107,0
ersan,ersan,Non Professional Academia,2017-04-01,6.7,0.6,0,28,28,1,0
Analyst_6825137,Analyst_6825137,,2020-04-01,6.4,0,0,0,0,0,0
"Jonathan Matuszewski, CFA",Jefferies_227,Financial Professional Sell Side Broker,2018-08-01,4.6,0,0,0,0,0,0
Stephanie Benjamin,Suntrust_65,Financial Professional Sell Side Broker,2017-11-01,4.5,0.36,0.03,302,33.6,10,8
"Bret Jordan, CFA",Jefferies_26,Financial Professional Sell Side Broker,2016-04-01,5.3,0.6,0,47,47,1,1
Analyst_2559828,Analyst_2559828,Non Professional Other Other,2020-04-01,7,0,0,0,0,0,0
Marty Lardy,MartyLarty,Buy Side,2016-10-01,8.3,0,0,0,0,0,0
Analyst_9546243,Analyst_9546243,Non Professional Other Other,2020-04-01,7.2,0,0,0,0,0,0
"Brian Bittner, CFA",Oppenheimer_14,Financial Professional Sell Side Broker,2014-02-01,5.8,0.15,0.58,60,8.6,14,35
joeykrug,joeykrug,Non Professional Information Technology Software,2014-11-01,7,0,0,0,0,0,0
Analyst_8153500,Analyst_8153500,Non Professional Financials Real Estate Development,2017-01-01,8.2,0.17,0.64,81,20.3,4,0
Jake Bartlett,Suntrust_41,Financial Professional Sell Side Broker,2015-06-01,6,0.21,0.24,78,6,13,17
Analyst_9904144,Analyst_9904144,,2020-04-01,6.3,0,0,0,0,0,0
Analyst_5727836,Analyst_5727836,Non Professional Student,2019-05-01,3.8,0,0,0,0,0,0
mnadelman,mnadelman,Non Professional Student,2015-06-01,8.2,0,0,0,0,0,0
Analyst_1747129,Analyst_1747129,Financial Professional Buy Side Asset Manager,2014-06-01,5.9,0,0,0,0,0,0
Analyst_1593660,Analyst_1593660,,2019-10-01,4.4,0,0,0,0,0,0
Analyst_7905880,Analyst_7905880,Non Professional Student,2018-10-01,8.4,0.21,0.62,196,11.5,17,13
Analyst_2460498,Analyst_2460498,Non Professional Other Other,2020-04-01,7.1,0,0,0,0,0,0
JonathanMacArt,JonathanMacArt,Non Professional Academia,2017-07-01,7.5,0,0,0,0,0,0
Analyst_5986085,Analyst_5986085,Non Professional Other Other,2020-04-01,7.4,0,0,0,0,0,0
docly,docly,Non Professional Information Technology IT Services,2017-11-01,6.7,0.22,0.53,62,4.8,13,3
Analyst_4940585,Analyst_4940585,Non Professional Other Other,2020-01-01,7.2,0,0,0,0,0,0
Analyst_9175463,Analyst_9175463,Non Professional Student,2020-04-01,7.2,0,0,0,0,0,0
JS834875,JS834875,Financial Professional Sell Side Broker,2019-07-01,6.6,0.09,0.64,72,9,8,39
Analyst_5039344,Analyst_5039344,Non Professional Industrials Machinery,2017-10-01,8.6,0.3,0.6,115,11.5,10,1
Analyst_2704680,Analyst_2704680,Non Professional Other Other,2020-04-01,7.2,0,0,0,0,0,0
Analyst_939057,Analyst_939057,Non Professional Other Other,2020-03-01,7.1,0,0,0,0,0,0
Analyst_9390949,Analyst_9390949,Non Professional Other Other,2020-04-01,7.2,0,0,0,0,0,0
Analyst_1249054,Analyst_1249054,Non Professional Other Other,2020-04-01,7.2,0,0,0,0,0,0
Rob,BlackScholes,,2018-01-01,5.9,0,0,0,0,0,0
Analyst_1531012,Analyst_1531012,Non Professional Other Other,2020-04-01,0,0,0,0,0,0,0
vegas05,vegas05,Financial Professional Buy Side Asset Manager,2014-01-01,7.6,0.34,0.51,25,2.8,9,5
Analyst_6234046,Analyst_6234046,Non Professional Health Care Health Care Providers & Services,2016-03-01,9.2,0.18,0.59,42,10.5,4,0
Analyst_4758483,Analyst_4758483,,2020-03-01,7.5,0,0,0,0,0,0
AS,adamsussman,Financial Professional Independent Other,2012-01-01,6,0,0,0,0,0,0
euribe25,euribe25,Financial Professional Independent Other,2016-05-01,8,0,0,0,0,0,0
Steven Demmler,sedemmler,Financial Professional Buy Side Hedge Fund,2013-12-01,6.9,0,0,0,0,0,0
woodtiger,woodtiger,Non Professional Financials Diversified Financial Services,2016-01-01,7.7,0.02,0.75,14,14,1,0
Analyst_4733635,Analyst_4733635,,2020-04-01,7.2,0,0,0,0,0,0
Richard Wickstrom,RWICK27,Non Professional Information Technology IT Services,2015-07-01,8.7,0,0,0,0,0,0
PPinvest,PPinvest,Independent,2018-01-01,7.4,0,0,0,0,0,0
Analyst_2260006,Analyst_2260006,Non Professional Other Other,2020-05-01,7.1,0,0,0,0,0,0
Analyst_4856998,Analyst_4856998,,2020-05-01,6.2,0,0,0,0,0,0
Analyst_8402398,Analyst_8402398,Non Professional Other Other,2020-05-01,7.1,0,0,0,0,0,0
jean_acciari,jean_acciari,Non Professional Telecommunication Services Diversified Telecommunications,2018-03-01,8.4,0,0,0,0,0,0
Analyst_90451,Analyst_90451,,2019-04-01,6.7,0,0,0,0,0,0
Analyst_7527582,Analyst_7527582,Non Professional Other Other,2020-03-01,6.9,0,0,0,0,0,0
Analyst_5940717,Analyst_5940717,Non Professional Consumer Staples Household & Personal Products,2018-01-01,6,0.4,0.29,14,14,1,0
Analyst_549929,Analyst_549929,Non Professional Other Other,2020-04-01,7.1,0,0,0,0,0,0
Analyst_3358941,Analyst_3358941,Non Professional Consumer Staples Personal Products,2019-04-01,7.2,0.62,0.14,33,22,2,0
Calvin Patrick,clamontpatrick,Non Professional Information Technology IT Services,2020-01-01,5.8,0,0,0,0,0,0
David Katz,Jefferies_210,Financial Professional Sell Side Broker,2018-01-01,1.2,0.39,0,45,45,1,0
1981,1981,Non Professional Information Technology Software,2016-02-01,7.5,0.08,0.69,34,17,2,0
RecepOzgun,RecepOzgun,Non Professional Information Technology Semiconductors,2016-07-01,8.7,0,0,0,0,0,0
Michael Tamas,Oppenheimer_73,Financial Professional Sell Side Broker,2019-09-01,6.9,0.05,0.57,11,22,1,1
Analyst_7808592,Analyst_7808592,Non Professional Other Other,2020-04-01,0,0,0,0,0,0,0
Analyst_1626025,Analyst_1626025,Non Professional Other Other,2020-05-01,7.2,0,0,0,0,0,0
Analyst_8367894,Analyst_8367894,Non Professional Financials Consumer Finance,2017-08-01,6.9,0.14,0.55,797,9.3,86,1
Alterithm,Alterithm,Financial Professional Independent Independent Research,2020-02-01,6.6,0.3,0.54,72,18,4,2
Analyst_7905116,Analyst_7905116,,2020-05-01,7.2,0,0,0,0,0,0
Analyst_7118263,Analyst_7118263,,2017-08-01,4.1,0.34,0.48,39,5.6,7,2
Analyst_7248568,Analyst_7248568,Non Professional Financials Professional Services,2020-05-01,7.2,0,0,0,0,0,0
Analyst_388521,Analyst_388521,,2020-05-01,7.1,0,0,0,0,0,0
Analyst_3091284,Analyst_3091284,Non Professional Other Other,2020-05-01,7,0,0,0,0,0,0
Connor Hartman,TiCx,,2019-03-01,6.2,0,0,0,0,0,0
Vincent Yu,Needham_39,Financial Professional Sell Side Broker,2019-04-01,5.9,0.49,0.6,4,2.7,2,17
Raz RABI,rabiraz,Non Professional Telecommunication Services Wireless Telecommunication Services,2016-10-01,8.1,0,0,0,0,0,0
loopie,loopie,Non Professional Health Care Biotechnology,2015-07-01,8.1,0.14,0.58,194,11.4,17,0
C. Patrick Scholes,Suntrust_21,Financial Professional Sell Side Broker,2013-12-01,3.6,0.56,0.04,127,23.1,8,20
Analyst_7166001,Analyst_7166001,Non Professional Other Other,2020-03-01,7.2,0,0,0,0,0,0
swarthy,swarthy,Financial Professional Buy Side Hedge Fund,2014-03-01,5.9,0,0,0,0,0,0
Analyst_7755814,Analyst_7755814,Non Professional Other Other,2020-03-01,7.3,0,0,0,0,0,0
jmrappaport,jmrappaport,Non Professional Student,2017-02-01,7,0,0,0,0,0,0
Analyst_1566406,Analyst_1566406,Non Professional Other Other,2020-05-01,7.2,0,0,0,0,0,0
Analyst_6457176,Analyst_6457176,Non Professional Other Other,2020-05-01,7,0,0,0,0,0,0
Analyst_5505214,Analyst_5505214,Non Professional Other Other,2020-05-01,7,0,0,0,0,0,0
Analyst_9514488,Analyst_9514488,,2019-02-01,5,0,0,0,0,0,0
Analyst_8861260,Analyst_8861260,Non Professional Other Other,2020-04-01,7.2,0,0,0,0,0,0
Analyst_2570288,Analyst_2570288,Non Professional Industrials Industrial Conglomerates,2020-04-01,7.4,0,0,0,0,0,0
Analyst_237155,Analyst_237155,,2018-08-01,6.8,0.09,0.34,7,14,1,0
GibboP,GibboP,Non Professional Financials Professional Services,2020-02-01,6.1,0,0,0,0,0,0
Michael Merry,leansupplier,Non Professional Materials Metals & Mining,2013-10-01,7.4,0.11,0.56,106,5,21,9
Analyst_1468046,Analyst_1468046,,2016-02-01,7.8,0,0,0,0,0,0
Analyst_9040041,Analyst_9040041,Non Professional Other Other,2020-04-01,7.2,0,0,0,0,0,0
koirbiku,koirbiku,Non Professional Information Technology Internet Software & Services,2016-06-01,7.2,0,0,0,0,0,0
blubz,blubz,Financial Professional Independent Other,2013-11-01,7.9,0,0,0,0,0,0
Analyst_7724929,Analyst_7724929,Financial Professional Independent Other,2014-01-01,7.1,0,0,0,0,0,0
mcnotty,mcnotty,Non Professional Consumer Discretionary Media,2016-08-01,5.4,0,0,0,0,0,0
GregK,GregK,Financial Professional Independent Other,2019-01-01,7.6,0.13,0.57,50,10,5,0
Analyst_8100417,Analyst_8100417,Non Professional Other Other,2018-06-01,8.3,0,0,0,0,0,0
Knute,Knute,Non Professional Consumer Staples Household & Personal Products,2013-12-01,8.5,0.08,0.57,357,10.8,33,1
Analyst_5786015,Analyst_5786015,Non Professional Utilities Electric Utilities,2017-03-01,6.8,0,0,0,0,0,0
Free2DoAnything,Free2DoAnything,Non Professional Information Technology IT Services,2013-03-01,8.2,0,0,0,0,0,0
Analyst_3209473,Analyst_3209473,,2020-04-01,7.3,0.31,0.69,49,24.5,2,0
Irishmist,Irishmist,Non Professional Financials Professional Services,2014-10-01,5.7,0,0,0,0,0,0
Nag,Nag,Non Professional Telecommunication Services Diversified Telecommunications,2018-11-01,8,0.15,0.59,50,12.5,4,5
Analyst_2073019,Analyst_2073019,Financial Professional Independent Independent Research,2020-04-01,7.5,0,0,0,0,0,0
nico_lauda,nico_lauda,,2018-02-01,7.1,0,0,0,0,0,0
FlyingSheep,FlyingSheep,Non Professional Information Technology Software,2020-04-01,7.9,0,0,0,0,0,0
Ryan Stuczynski,RStu0718,Financial Professional Independent Independent Research,2012-05-01,6.4,0,0,0,0,0,0
Medic2525,Medic2525,Non Professional Health Care Health Care Providers & Services,2019-04-01,8.3,0.28,0.24,53,5.3,10,2
Analyst_6401834,Analyst_6401834,Non Professional Industrials Aerospace & Defense,2020-06-01,6.9,0,0,0,0,0,0
Analyst_9241646,Analyst_9241646,Non Professional Other Other,2020-06-01,7,0,0,0,0,0,0
SelectiveTrade,SelectiveTrade,Non Professional Consumer Discretionary Automobiles,2020-07-01,7.9,0,0,0,0,0,0
lect,lect,Non Professional Financials Capital Markets,2019-06-01,7.1,0,0,0,0,0,0
Algowiz,Algowiz,Non Professional Consumer Staples Personal Products,2016-04-01,2.5,0.07,0.35,9,4.5,2,0
Metal_Miltia,Metal_Miltia,Non Professional Industrials Air Freight & Logistics,2020-05-01,7.6,0,0,0,0,0,0
Analyst_3112543,Analyst_3112543,Non Professional Materials Paper & Forest Products,2020-08-01,7.2,0,0,0,0,0,0
Analyst_4878054,Analyst_4878054,,2020-06-01,7,0,0,0,0,0,0
HASAN OGUZ,hasanoguzvegas,Financial Professional Buy Side Hedge Fund,2017-04-01,3.2,0,0,0,0,0,0
Madmoni,Madmoni,Non Professional Student,2017-10-01,7.4,0.15,0.48,328,14.3,23,5
Analyst_4444249,Analyst_4444249,Non Professional Financials Capital Markets,2019-02-01,7.9,0,0,0,0,0,0
Analyst_1155364,Analyst_1155364,Non Professional Other Other,2020-06-01,7,0,0,0,0,0,0
tlm1tlm,tlm1tlm,Non Professional Information Technology Paper & Forest Products,2017-05-01,7.4,0,0,0,0,0,0
TraderMcGee,TraderMcGee,Non Professional Information Technology Software,2020-09-01,6.9,0,0,0,0,0,0
N3RDCAK3,N3RDCAK3,Non Professional Consumer Staples Food & Staples Retailing,2017-05-01,6.6,0,0,0,0,0,1
Noah Kaye,Oppenheimer_45,Financial Professional Sell Side Broker,2015-09-01,4.8,0.18,0.38,42,2.9,21,37
Analyst_9453250,Analyst_9453250,Non Professional Other Other,2020-06-01,6.8,0,0,0,0,0,0
Analyst_2360728,Analyst_2360728,,2020-07-01,7.4,0,0,0,0,0,0
Analyst_723287,Analyst_723287,,2020-05-01,7.4,0,0,0,0,0,0
Analyst_1342063,Analyst_1342063,Non Professional Other Other,2020-08-01,7.8,0,0,0,0,0,0
Nicholas Stein,bizcad,Non Professional Information Technology Software,2015-02-01,7.6,0.13,0.59,285,11.9,24,42
Colmbanus,Colmbanus,Financial Professional Independent Other,2020-08-01,7,0,0,0,0,0,0
StocksandSocks,StocksandSocks,Non Professional Student,2016-10-01,4.4,0,0,0,0,0,0
Jennifer1421,Jennifer1421,Non Professional Health Care Biotechnology,2012-04-01,8.4,0,0,0,0,0,0
arjunav,arjunav,Non Professional Financials Insurance,2019-10-01,8.9,0,0,0,0,0,1
Analyst_6779450,Analyst_6779450,Non Professional Other Other,2020-07-01,7.3,0,0,0,0,0,0
Analyst_9872866,Analyst_9872866,Non Professional Other Other,2020-05-01,7.3,0,0,0,0,0,0
Analyst_4309858,Analyst_4309858,,2020-05-01,6.8,0,0,0,0,0,0
Analyst_8388026,Analyst_8388026,Financial Professional Buy Side Hedge Fund,2015-09-01,4.8,0,0,0,0,0,0
Analyst_1912807,Analyst_1912807,Non Professional Other Other,2020-08-01,7.3,0,0,0,0,0,0
Jen_F,Jen_F,Financial Professional Buy Side Private Equity,2020-08-01,8.8,0.11,0.61,"2,402",15.7,153,9
skrrrreeeeeeee,skrrrreeeeeeee,Non Professional Student,2019-10-01,3.8,0,0,0,0,0,0
Bob Ya,Analyst_153032,Non Professional Utilities Electric Utilities,2016-08-01,8.4,0.09,0.49,354,10.7,33,6
Analyst_3718512,Analyst_3718512,Non Professional Information Technology Software,2020-07-01,6.6,0.28,0.12,20,20,1,0
Analyst_8229889,Analyst_8229889,Non Professional Other Other,2020-08-01,6.9,0,0,0,0,0,0
willgott,willgott,Financial Professional Independent Other,2016-07-01,8.2,0.22,0.54,7,1.4,5,1
vigo_9,vigo_9,Financial Professional Independent Independent Research,2014-02-01,5.9,0,0,0,0,0,0
Analyst_9666664,Analyst_9666664,Non Professional Other Other,2020-08-01,6.6,0,0,0,0,0,0
Analyst_126292,Analyst_126292,Non Professional Information Technology IT Services,2019-04-01,6.4,0,0,0,0,0,0
Analyst_6452210,Analyst_6452210,Non Professional Consumer Discretionary Household Durables,2020-06-01,9,0,0,0,0,0,0
Malette,Malette,Financial Professional Buy Side Hedge Fund,2016-05-01,8.1,0.1,0.59,302,20.1,15,0
u94_llamoure,u94_llamoure,,2016-12-01,7.4,0.07,0.51,27,4.5,6,0
Analyst_46690,Analyst_46690,Non Professional Other Other,2020-06-01,7.4,0,0,0,0,0,0
dsadhvani,dsadhvani,Non Professional Financials Insurance,2016-07-01,8,0.08,0.46,39,19.5,2,1
Analyst_7286246,Analyst_7286246,Non Professional Other Other,2020-07-01,7.5,0,0,0,0,0,0
Analyst_1066030,Analyst_1066030,Financial Professional Independent Independent Research,2014-04-01,2.6,0,0,0,0,0,0
Analyst_6415760,Analyst_6415760,Non Professional Student,2019-12-01,7.2,0.17,0.57,10,10,1,4
EinSV,EinSV,,2018-10-01,8.2,0.06,0.65,14,14,1,1
FrankPeelen,FrankPeelen,Non Professional Financials Capital Markets,2020-05-01,7,0,0,0,0,0,0
Analyst_4162920,Analyst_4162920,Non Professional Other Other,2020-07-01,7.5,0,0,0,0,0,0
koreyb,koreyb,Non Professional Information Technology Software,2014-03-01,7.4,0,0,0,0,0,0
Analyst_2680948,Analyst_2680948,Financial Professional Independent Other,2017-07-01,6.3,0.05,0.57,19,9.5,2,4
Analyst_1192239,Analyst_1192239,Non Professional Industrials Construction & Engineering,2016-11-01,7.9,0.02,0.67,30,30,1,1
Analyst_3288086,Analyst_3288086,,2020-02-01,7.4,0,0,0,0,0,0
sugarfysh,sugarfysh,Non Professional Information Technology Internet Software & Services,2016-09-01,6,0,0,0,0,0,0
Tizzler,Tizzler,Non Professional Consumer Discretionary Diversified Consumer Services,2019-07-01,7.8,0.02,0.82,42,42,1,1
Analyst_4594284,Analyst_4594284,Non Professional Health Care Health Care Providers & Services,2020-07-01,7.3,0,0,0,0,0,0
Analyst_5723433,Analyst_5723433,Non Professional Other Other,2020-07-01,7.3,0,0,0,0,0,0
dspumpkins,dspumpkins,Non Professional Information Technology IT Services,2019-12-01,7.2,0,0,0,0,0,0
bronwencoleman,bronwencoleman,Non Professional Health Care Pharmaceuticals,2020-07-01,2.9,0,0,0,0,0,0
Analyst_8982345,Analyst_8982345,Non Professional Academia,2018-09-01,6,0,0,0,0,0,0
rldau047,rldau047,Non Professional Financials Professional Services,2019-10-01,7.1,0,0,0,0,0,0
Stephen Williams,Newoptionz,Non Professional Industrials Industrial Conglomerates,2015-07-01,5.7,0.15,0.41,3,1,3,4
bpetrov1,bpetrov1,Non Professional Health Care Health Care Providers & Services,2019-12-01,7,0,0,0,0,0,0
SPXEnthusiast,SPXEnthusiast,Non Professional Information Technology Software,2020-07-01,6.7,0,0,0,0,0,0
SmitandCo,SmitandCo,Non Professional Financials Diversified Financial Services,2019-03-01,7.6,0.15,0.6,714,14,51,2
pags5050,pags5050,Financial Professional Independent Other,2020-07-01,7.5,0,0,0,0,0,0
Matt,Mklink23,Non Professional Financials Commercial Banks,2014-04-01,7.8,0.34,0.54,5,1.3,4,0
Analyst_1731745,Analyst_1731745,Non Professional Materials Construction Materials,2020-05-01,7.1,0,0,0,0,0,0
Analyst_5196079,Analyst_5196079,Non Professional Materials Chemicals,2020-04-01,7.3,0,0,0,0,0,0
Analyst_5046764,Analyst_5046764,,2020-05-01,7.1,0,0,0,0,0,0
Analyst_1471739,Analyst_1471739,Non Professional Health Care Biotechnology,2020-05-01,7.1,0,0,0,0,0,0
Seale87,Seale87,Non Professional Telecommunication Services Diversified Telecommunications,2020-07-01,6.7,0,0,0,0,0,0
Stratify,Stratify,Non Professional Information Technology Software,2017-07-01,8.6,0,0,0,0,0,0
Analyst_6476283,Analyst_6476283,Non Professional Other Other,2020-07-01,7.3,0,0,0,0,0,0
Analyst_2844850,Analyst_2844850,Non Professional Other Other,2020-05-01,7.5,0,0,0,0,0,0
LA_Engineer,LA_Engineer,Non Professional Industrials Aerospace & Defense,2017-07-01,8.2,0.07,0.47,116,6.1,19,5
Analyst_8283580,Analyst_8283580,Non Professional Other Other,2020-07-01,7,0,0,0,0,0,0
Analyst_6222443,Analyst_6222443,Non Professional Other Other,2020-06-01,7.1,0,0,0,0,0,0
Analyst_7995674,Analyst_7995674,Non Professional Other Other,2020-06-01,7.1,0,0,0,0,0,0
tigerzhang2092,tigerzhang2092,Non Professional Student,2020-07-01,7.4,0,0,0,0,0,0
Analyst_8588727,Analyst_8588727,Non Professional Student,2015-04-01,6.5,0.23,0.6,49,12.3,4,0
Analyst_5533015,Analyst_5533015,Non Professional Other Other,2019-07-01,7.5,0,0,0,0,0,0
Peter_Falk,Peter_Falk,Financial Professional Independent Independent Research,2017-11-01,6.6,0,0,0,0,0,0
Analyst_3457112,Analyst_3457112,Non Professional Other Other,2020-07-01,7.2,0,0,0,0,0,0
Analyst_9969695,Analyst_9969695,Non Professional Other Other,2020-07-01,7.1,0,0,0,0,0,0
Analyst_690002,Analyst_690002,,2016-04-01,8.5,0.02,0.74,37,37,1,2
Analyst_6755312,Analyst_6755312,,2020-07-01,7.3,0,0,0,0,0,0
Analyst_4444259,Analyst_4444259,Non Professional Other Other,2020-08-01,7.3,0,0,0,0,0,0
Analyst_8147869,Analyst_8147869,Non Professional Other Other,2020-05-01,0,0,0,0,0,0,0
Analyst_4200957,Analyst_4200957,Non Professional Consumer Discretionary Hotels Restaurants & Leisure,2020-04-01,7,0,0,0,0,0,0
Analyst_9329925,Analyst_9329925,Non Professional Other Other,2020-06-01,7.2,0,0,0,0,0,0
Analyst_Ned,Analyst_Ned,Non Professional Materials Metals & Mining,2020-07-01,7.4,0,0,0,0,0,0
danassidlauskas,danassidlauskas,Non Professional Industrials Trading Companies & Distribution,2019-03-01,5.3,0,0,0,0,0,0
Analyst_4517899,Analyst_4517899,Non Professional Other Other,2020-08-01,7.1,0,0,0,0,0,0
Sherif,Sherif,Non Professional Materials Paper & Forest Products,2016-10-01,5.8,0,0,0,0,0,0
Analyst_8045561,Analyst_8045561,Non Professional Other Other,2020-02-01,7,0,0,0,0,0,0
Analyst_2842344,Analyst_2842344,Non Professional Other Other,2020-07-01,7.2,0,0,0,0,0,0
Analyst_8250895,Analyst_8250895,Non Professional Academia,2019-05-01,7.4,0,0,0,0,0,0
Analyst_6458310,Analyst_6458310,Non Professional Other Other,2020-07-01,7.1,0,0,0,0,0,0
Analyst_7890675,Analyst_7890675,Non Professional Other Other,2020-07-01,7.1,0,0,0,0,0,0
Analyst_2630925,Analyst_2630925,Non Professional Other Other,2020-08-01,7.2,0,0,0,0,0,0
Analyst_1917496,Analyst_1917496,,2020-07-01,7.7,0,0,0,0,0,0
Analyst_2890800,Analyst_2890800,Non Professional Student,2018-04-01,7.5,0.02,0.7,17,17,1,0
Analyst_1281151,Analyst_1281151,Non Professional Other Other,2020-08-01,7.1,0,0,0,0,0,0
Analyst_9617530,Analyst_9617530,Non Professional Other Other,2020-08-01,7.1,0,0,0,0,0,0
Analyst_727375,Analyst_727375,Non Professional Financials Professional Services,2020-07-01,7.5,0,0,0,0,0,0
Analyst_9972138,Analyst_9972138,Non Professional Industrials Transportation Infrastructure,2020-08-01,7.2,0,0,0,0,0,0
Analyst_8202295,Analyst_8202295,Financial Professional Independent Other,2018-08-01,7.3,0.05,0.63,145,24.2,6,0
Analyst_7758450,Analyst_7758450,Non Professional Other Other,2020-06-01,0,0,0,0,0,0,0
CLAU61065,CLAU61065,Non Professional Energy Energy Equipment & Services,2018-11-01,7,0,0,0,0,0,0
Analyst_883247,Analyst_883247,Non Professional Materials Paper & Forest Products,2015-10-01,8.7,0.18,0.61,"1,256",16.6,76,14
contract21,contract21,Non Professional Student,2014-04-01,7.7,0.11,0.57,390,16.3,24,3
Michael Swartz,Suntrust_84,Financial Professional Sell Side Broker,2020-08-01,6.1,0.13,0.49,78,5.6,15,81
Analyst_480058,Analyst_480058,Non Professional Other Other,2020-09-01,7,0,0,0,0,0,0
Analyst_8547788,Analyst_8547788,Non Professional Other Other,2020-07-01,7,0,0,0,0,0,0
Analyst_8484099,Analyst_8484099,Non Professional Other Other,2020-08-01,7.1,0,0,0,0,0,0
Analyst_8932896,Analyst_8932896,Non Professional Other Other,2020-07-01,6.9,0,0,0,0,0,0
Analyst_2715004,Analyst_2715004,Non Professional Other Other,2020-07-01,6.9,0,0,0,0,0,0
Analyst_5330772,Analyst_5330772,,2020-07-01,6.5,0,0,0,0,0,0
Analyst_854768,Analyst_854768,Non Professional Other Other,2020-06-01,6.6,0,0,0,0,0,0
AhmedTheGreat7,AhmedTheGreat7,Non Professional Financials Capital Markets,2015-02-01,8.4,0.02,0.6,4,4,1,0
Analyst_7314177,Analyst_7314177,,2019-10-01,6.4,0,0,0,0,0,0
Analyst_8136339,Analyst_8136339,Non Professional Other Other,2020-06-01,0,0,0,0,0,0,0
Fox_Cat,Fox_Cat,Non Professional Academia,2017-12-01,6.1,0,0,0,0,0,0
Analyst_4683508,Analyst_4683508,Financial Professional Independent Independent Research,2019-08-01,4.3,0,0,0,0,0,0
Don Pagach,dpdon985,Non Professional Academia,2014-07-01,7.9,0.06,0.5,11,11,1,0
Analyst_5550400,Analyst_5550400,Non Professional Other Other,2020-07-01,7,0,0,0,0,0,0
Analyst_4261147,Analyst_4261147,Non Professional Other Other,2020-08-01,7,0,0,0,0,0,0
Analyst_5081680,Analyst_5081680,,2020-07-01,7,0,0,0,0,0,0
Analyst_4354960,Analyst_4354960,Non Professional Other Other,2020-07-01,7.1,0,0,0,0,0,0
Analyst_8282737,Analyst_8282737,Non Professional Other Other,2020-06-01,7,0,0,0,0,0,0
Analyst_9510753,Analyst_9510753,Non Professional Other Other,2020-07-01,6.9,0,0,0,0,0,0
Greg Arquette,garquette,Financial Professional Buy Side Hedge Fund,2013-04-01,7.3,0,0,0,0,0,0
Analyst_703153,Analyst_703153,Non Professional Industrials Building Products,2017-01-01,7,0.45,0.52,18,3,6,1
Analyst_7404905,Analyst_7404905,Non Professional Other Other,2020-07-01,7.4,0,0,0,0,0,0
Analyst_3625656,Analyst_3625656,Non Professional Other Other,2020-08-01,7.2,0,0,0,0,0,0
Analyst_8210724,Analyst_8210724,Non Professional Other Other,2020-07-01,6.6,0,0,0,0,0,0
Analyst_2246050,Analyst_2246050,Non Professional Student,2016-03-01,8,0,0,0,0,0,0
Analyst_6126414,Analyst_6126414,Financial Professional Buy Side Private Equity,2020-08-01,7.3,0,0,0,0,0,0
Analyst_5367863,Analyst_5367863,Financial Professional Buy Side Asset Manager,2018-11-01,7.3,0,0,0,0,0,0
Analyst_6551586,Analyst_6551586,Non Professional Other Other,2020-08-01,7,0,0,0,0,0,0
Analyst_870598,Analyst_870598,Non Professional Other Other,2020-07-01,7,0,0,0,0,0,0
Analyst_87488,Analyst_87488,Non Professional Other Other,2020-06-01,7,0,0,0,0,0,0
